Provincia;CMuni;area_km2
Avila;05001;31,407
Avila;05002;58,656
Avila;05005;17,097
Avila;05007;8,485
Avila;05008;24,238
Avila;05010;17,153
Avila;05012;15,016
Avila;05013;27,078
Avila;05014;194,585
Avila;05015;14,971
Avila;05016;45,672
Avila;05017;12,839
Avila;05018;10,235
Avila;05019;230,656
Avila;05021;12,688
Avila;05022;153,163
Avila;05023;20,030
Avila;05024;32,164
Avila;05025;19,866
Avila;05026;17,305
Avila;05027;16,689
Avila;05029;19,778
Avila;05030;9,005
Avila;05033;39,603
Avila;05034;12,973
Avila;05035;22,955
Avila;05036;22,083
Avila;05037;73,881
Avila;05038;55,061
Avila;05039;18,347
Avila;05040;30,753
Avila;05041;55,034
Avila;05042;11,801
Avila;05043;17,964
Avila;05044;110,073
Avila;05045;19,168
Avila;05046;6,670
Avila;05047;213,925
Avila;05048;14,372
Avila;05049;40,467
Avila;05051;14,168
Avila;05052;22,141
Avila;05053;18,359
Avila;05054;39,290
Avila;05055;12,218
Avila;05056;12,696
Avila;05057;137,764
Avila;05058;31,393
Avila;05059;14,171
Avila;05060;20,309
Avila;05061;11,256
Avila;05062;18,436
Avila;05063;4,842
Avila;05064;26,842
Avila;05065;31,919
Avila;05066;19,171
Avila;05067;15,451
Avila;05069;14,745
Avila;05070;11,476
Avila;05072;19,387
Avila;05073;43,042
Avila;05074;36,412
Avila;05075;24,640
Avila;05076;12,622
Avila;05077;9,811
Avila;05078;20,004
Avila;05079;20,466
Avila;05080;43,267
Avila;05081;18,191
Avila;05082;29,416
Avila;05083;17,185
Avila;05084;15,190
Avila;05085;15,460
Avila;05086;19,053
Avila;05087;10,631
Avila;05088;11,590
Avila;05089;37,384
Avila;05090;22,147
Avila;05092;19,374
Avila;05093;48,377
Avila;05094;21,530
Avila;05095;35,050
Avila;05096;12,501
Avila;05097;46,535
Avila;05099;47,320
Avila;05100;24,219
Avila;05101;52,480
Avila;05102;80,680
Avila;05103;17,223
Avila;05104;9,883
Avila;05105;52,916
Avila;05106;11,869
Avila;05107;18,610
Avila;05108;15,023
Avila;05109;24,447
Avila;05110;33,667
Avila;05112;19,546
Avila;05113;17,466
Avila;05114;106,815
Avila;05115;65,317
Avila;05116;19,072
Avila;05117;24,034
Avila;05118;17,586
Avila;05119;17,011
Avila;05120;6,393
Avila;05121;22,787
Avila;05122;18,068
Avila;05123;18,369
Avila;05124;22,887
Avila;05125;12,046
Avila;05126;10,287
Avila;05127;46,686
Avila;05128;30,680
Avila;05129;31,082
Avila;05130;15,229
Avila;05131;31,205
Avila;05132;49,911
Avila;05133;17,695
Avila;05134;14,920
Avila;05135;33,611
Avila;05136;13,275
Avila;05138;18,904
Avila;05139;16,158
Avila;05140;10,087
Avila;05141;6,018
Avila;05142;19,715
Avila;05143;19,943
Avila;05144;29,355
Avila;05145;17,405
Avila;05147;33,604
Avila;05148;10,372
Avila;05149;9,437
Avila;05151;29,503
Avila;05152;58,255
Avila;05153;29,382
Avila;05154;19,852
Avila;05155;35,290
Avila;05156;22,059
Avila;05157;49,882
Avila;05158;43,342
Avila;05159;90,778
Avila;05160;29,994
Avila;05161;49,930
Avila;05162;60,890
Avila;05163;73,745
Avila;05164;9,155
Avila;05165;78,809
Avila;05166;20,266
Avila;05167;39,986
Avila;05168;98,032
Avila;05169;20,020
Avila;05170;11,084
Avila;05171;7,895
Avila;05172;11,280
Avila;05173;43,028
Avila;05174;14,381
Avila;05175;18,484
Avila;05176;36,848
Avila;05177;23,230
Avila;05178;52,972
Avila;05179;21,000
Avila;05180;10,886
Avila;05181;16,144
Avila;05182;68,998
Avila;05183;14,076
Avila;05184;85,863
Avila;05185;23,517
Avila;05186;28,697
Avila;05187;55,237
Avila;05188;6,514
Avila;05189;3,402
Avila;05190;11,064
Avila;05191;11,289
Avila;05192;43,295
Avila;05193;40,663
Avila;05194;19,769
Avila;05195;65,518
Avila;05196;24,382
Avila;05197;7,548
Avila;05198;20,383
Avila;05199;16,498
Avila;05200;7,362
Avila;05201;74,633
Avila;05204;26,576
Avila;05205;35,310
Avila;05206;10,356
Avila;05207;36,995
Avila;05208;12,984
Avila;05209;38,081
Avila;05210;17,375
Avila;05211;60,463
Avila;05212;35,779
Avila;05213;30,520
Avila;05214;14,509
Avila;05215;50,486
Avila;05216;45,642
Avila;05217;6,837
Avila;05218;34,757
Avila;05219;18,610
Avila;05220;18,548
Avila;05221;29,619
Avila;05222;41,356
Avila;05224;11,133
Avila;05225;28,352
Avila;05226;22,402
Avila;05227;11,946
Avila;05228;42,683
Avila;05229;13,340
Avila;05230;8,414
Avila;05231;16,113
Avila;05232;7,277
Avila;05233;20,737
Avila;05234;13,693
Avila;05235;20,067
Avila;05236;68,397
Avila;05237;37,136
Avila;05238;52,002
Avila;05239;90,142
Avila;05240;42,983
Avila;05241;76,295
Avila;05242;27,245
Avila;05243;52,078
Avila;05244;9,226
Avila;05245;95,439
Avila;05246;20,780
Avila;05247;58,401
Avila;05249;11,693
Avila;05251;46,154
Avila;05252;21,754
Avila;05253;18,179
Avila;05254;20,439
Avila;05256;18,480
Avila;05257;39,344
Avila;05258;21,092
Avila;05259;17,562
Avila;05260;45,989
Avila;05261;6,880
Avila;05262;41,591
Avila;05263;56,020
Avila;05264;10,247
Avila;05265;16,593
Avila;05266;40,337
Avila;05267;43,880
Avila;05901;96,007
Avila;05902;65,744
Avila;05903;33,811
Avila;05904;68,462
Avila;05905;21,261
Burgos;09001;35,048
Burgos;09003;10,272
Burgos;09006;17,942
Burgos;09007;9,439
Burgos;09009;12,343
Burgos;09010;8,326
Burgos;09011;52,107
Burgos;09012;34,367
Burgos;09013;8,213
Burgos;09014;139,753
Burgos;09016;12,473
Burgos;09017;13,433
Burgos;09018;127,185
Burgos;09019;26,665
Burgos;09020;57,059
Burgos;09021;18,491
Burgos;09022;13,579
Burgos;09023;31,423
Burgos;09024;27,974
Burgos;09025;6,960
Burgos;09026;77,686
Burgos;09027;12,243
Burgos;09029;24,733
Burgos;09030;41,652
Burgos;09032;36,865
Burgos;09033;21,371
Burgos;09034;64,326
Burgos;09035;36,494
Burgos;09036;15,416
Burgos;09037;64,106
Burgos;09038;13,410
Burgos;09039;20,749
Burgos;09041;3,874
Burgos;09043;46,685
Burgos;09044;23,469
Burgos;09045;120,562
Burgos;09046;7,753
Burgos;09047;10,228
Burgos;09048;138,461
Burgos;09050;33,694
Burgos;09051;15,637
Burgos;09052;7,831
Burgos;09054;33,134
Burgos;09055;21,064
Burgos;09056;81,141
Burgos;09057;9,918
Burgos;09058;13,274
Burgos;09059;107,191
Burgos;09060;18,547
Burgos;09061;26,548
Burgos;09062;19,813
Burgos;09063;12,976
Burgos;09064;47,596
Burgos;09065;23,899
Burgos;09066;13,233
Burgos;09067;29,508
Burgos;09068;3,142
Burgos;09070;25,054
Burgos;09071;42,630
Burgos;09072;25,599
Burgos;09073;9,201
Burgos;09074;11,818
Burgos;09075;11,304
Burgos;09076;13,265
Burgos;09077;7,913
Burgos;09078;6,804
Burgos;09079;9,922
Burgos;09082;4,946
Burgos;09083;13,969
Burgos;09084;14,435
Burgos;09085;26,398
Burgos;09086;23,018
Burgos;09088;17,435
Burgos;09090;22,040
Burgos;09091;135,988
Burgos;09093;13,464
Burgos;09094;23,340
Burgos;09095;12,565
Burgos;09098;63,646
Burgos;09100;16,236
Burgos;09101;15,276
Burgos;09102;16,804
Burgos;09103;52,874
Burgos;09104;18,476
Burgos;09105;37,848
Burgos;09108;31,225
Burgos;09109;260,213
Burgos;09110;38,093
Burgos;09112;34,326
Burgos;09113;41,038
Burgos;09114;23,487
Burgos;09115;9,077
Burgos;09117;11,907
Burgos;09119;13,247
Burgos;09120;18,837
Burgos;09122;29,594
Burgos;09123;6,928
Burgos;09124;137,407
Burgos;09125;102,628
Burgos;09127;24,820
Burgos;09128;8,576
Burgos;09129;61,118
Burgos;09130;13,995
Burgos;09131;13,682
Burgos;09132;9,668
Burgos;09133;12,137
Burgos;09134;29,449
Burgos;09135;9,085
Burgos;09136;17,036
Burgos;09137;22,407
Burgos;09138;6,964
Burgos;09139;12,802
Burgos;09140;38,958
Burgos;09141;12,019
Burgos;09143;31,964
Burgos;09144;17,341
Burgos;09148;19,741
Burgos;09149;16,332
Burgos;09151;75,450
Burgos;09152;57,668
Burgos;09154;7,895
Burgos;09155;82,244
Burgos;09159;10,212
Burgos;09160;12,211
Burgos;09162;19,372
Burgos;09163;80,779
Burgos;09164;33,556
Burgos;09166;36,553
Burgos;09167;14,070
Burgos;09168;29,970
Burgos;09169;20,646
Burgos;09170;12,774
Burgos;09172;48,667
Burgos;09173;33,154
Burgos;09174;97,741
Burgos;09175;85,097
Burgos;09176;8,289
Burgos;09177;129,939
Burgos;09178;5,634
Burgos;09179;15,015
Burgos;09180;34,517
Burgos;09181;66,388
Burgos;09182;16,903
Burgos;09183;21,547
Burgos;09184;17,436
Burgos;09189;75,765
Burgos;09190;45,854
Burgos;09191;25,026
Burgos;09192;30,900
Burgos;09194;166,271
Burgos;09195;15,178
Burgos;09196;26,857
Burgos;09197;25,152
Burgos;09198;33,585
Burgos;09199;16,032
Burgos;09200;34,000
Burgos;09201;18,308
Burgos;09202;6,576
Burgos;09206;13,402
Burgos;09208;59,589
Burgos;09209;213,871
Burgos;09211;109,138
Burgos;09213;122,195
Burgos;09214;99,995
Burgos;09215;153,229
Burgos;09216;120,086
Burgos;09217;128,996
Burgos;09218;22,010
Burgos;09219;101,239
Burgos;09220;22,686
Burgos;09221;11,799
Burgos;09223;5,890
Burgos;09224;37,107
Burgos;09225;26,735
Burgos;09226;15,100
Burgos;09227;23,516
Burgos;09228;13,796
Burgos;09229;22,332
Burgos;09230;8,789
Burgos;09231;28,408
Burgos;09232;68,508
Burgos;09235;26,011
Burgos;09236;7,037
Burgos;09238;161,517
Burgos;09239;14,975
Burgos;09241;9,335
Burgos;09242;27,746
Burgos;09243;23,104
Burgos;09244;20,315
Burgos;09246;70,340
Burgos;09247;10,333
Burgos;09248;15,725
Burgos;09249;8,685
Burgos;09250;24,256
Burgos;09251;58,337
Burgos;09253;15,186
Burgos;09255;29,788
Burgos;09256;69,816
Burgos;09257;11,322
Burgos;09258;28,395
Burgos;09259;49,026
Burgos;09261;64,488
Burgos;09262;29,006
Burgos;09265;13,392
Burgos;09266;68,712
Burgos;09267;28,150
Burgos;09268;32,494
Burgos;09269;11,004
Burgos;09270;68,267
Burgos;09272;81,842
Burgos;09273;10,776
Burgos;09274;30,521
Burgos;09275;35,327
Burgos;09276;18,615
Burgos;09277;16,375
Burgos;09279;20,819
Burgos;09280;12,355
Burgos;09281;10,728
Burgos;09283;17,457
Burgos;09287;5,570
Burgos;09288;15,862
Burgos;09289;59,886
Burgos;09292;11,656
Burgos;09294;13,793
Burgos;09295;20,078
Burgos;09297;24,766
Burgos;09298;45,717
Burgos;09301;13,372
Burgos;09302;33,217
Burgos;09303;40,604
Burgos;09304;10,183
Burgos;09306;50,482
Burgos;09307;12,090
Burgos;09308;17,189
Burgos;09309;20,650
Burgos;09310;8,498
Burgos;09311;8,530
Burgos;09312;15,275
Burgos;09314;39,008
Burgos;09315;16,969
Burgos;09316;27,446
Burgos;09317;6,699
Burgos;09318;43,282
Burgos;09321;48,951
Burgos;09323;24,909
Burgos;09325;50,581
Burgos;09326;9,761
Burgos;09327;39,266
Burgos;09328;32,609
Burgos;09329;13,292
Burgos;09330;31,297
Burgos;09332;8,144
Burgos;09334;22,814
Burgos;09335;19,872
Burgos;09337;26,477
Burgos;09338;4,959
Burgos;09339;19,391
Burgos;09340;33,590
Burgos;09343;12,450
Burgos;09345;25,840
Burgos;09346;33,897
Burgos;09347;28,956
Burgos;09348;14,856
Burgos;09350;60,280
Burgos;09351;16,168
Burgos;09352;30,186
Burgos;09353;12,473
Burgos;09354;10,731
Burgos;09355;22,234
Burgos;09356;14,949
Burgos;09358;78,853
Burgos;09360;13,409
Burgos;09361;86,167
Burgos;09362;9,603
Burgos;09363;113,037
Burgos;09365;6,839
Burgos;09366;14,638
Burgos;09368;7,727
Burgos;09369;42,431
Burgos;09372;5,486
Burgos;09373;172,086
Burgos;09374;11,447
Burgos;09375;15,647
Burgos;09377;12,728
Burgos;09378;22,728
Burgos;09380;14,385
Burgos;09381;29,358
Burgos;09382;11,950
Burgos;09384;30,039
Burgos;09386;14,920
Burgos;09387;15,348
Burgos;09388;12,502
Burgos;09389;28,542
Burgos;09390;93,138
Burgos;09391;79,149
Burgos;09392;5,731
Burgos;09394;36,783
Burgos;09395;78,636
Burgos;09396;23,189
Burgos;09398;30,792
Burgos;09400;25,671
Burgos;09403;30,963
Burgos;09405;20,461
Burgos;09406;16,630
Burgos;09407;16,951
Burgos;09408;19,109
Burgos;09409;70,379
Burgos;09410;262,969
Burgos;09411;38,442
Burgos;09412;157,370
Burgos;09413;156,497
Burgos;09414;92,588
Burgos;09415;95,643
Burgos;09416;19,254
Burgos;09417;18,315
Burgos;09418;20,859
Burgos;09419;27,929
Burgos;09421;37,550
Burgos;09422;9,735
Burgos;09423;6,343
Burgos;09424;6,942
Burgos;09425;33,870
Burgos;09427;327,845
Burgos;09428;17,488
Burgos;09429;16,233
Burgos;09430;19,480
Burgos;09431;52,412
Burgos;09432;51,975
Burgos;09433;22,049
Burgos;09434;13,769
Burgos;09437;50,498
Burgos;09438;13,743
Burgos;09439;14,379
Burgos;09440;26,393
Burgos;09441;13,421
Burgos;09442;23,898
Burgos;09443;40,685
Burgos;09444;20,712
Burgos;09445;13,060
Burgos;09446;6,754
Burgos;09447;17,893
Burgos;09448;38,322
Burgos;09449;7,904
Burgos;09450;7,376
Burgos;09451;22,313
Burgos;09454;6,119
Burgos;09455;11,477
Burgos;09456;13,096
Burgos;09458;10,286
Burgos;09460;43,689
Burgos;09463;87,734
Burgos;09464;15,284
Burgos;09466;37,279
Burgos;09467;13,542
Burgos;09471;10,485
Burgos;09472;11,728
Burgos;09473;24,600
Burgos;09476;25,734
Burgos;09478;11,474
Burgos;09480;18,751
Burgos;09482;10,806
Burgos;09483;22,563
Burgos;09485;12,135
Burgos;09901;35,761
Burgos;09902;105,787
Burgos;09903;151,037
Burgos;09904;111,748
Burgos;09905;263,877
Burgos;09906;275,033
Burgos;09907;41,479
Burgos;09908;227,478
Leon;24001;50,175
Leon;24002;15,333
Leon;24003;52,344
Leon;24004;141,973
Leon;24005;54,727
Leon;24006;48,670
Leon;24007;40,232
Leon;24008;46,821
Leon;24009;50,971
Leon;24010;19,727
Leon;24011;57,829
Leon;24012;94,344
Leon;24014;63,260
Leon;24015;74,121
Leon;24016;173,058
Leon;24017;35,101
Leon;24018;34,238
Leon;24019;27,977
Leon;24020;291,792
Leon;24021;180,634
Leon;24022;36,431
Leon;24023;98,216
Leon;24024;98,345
Leon;24025;157,698
Leon;24026;71,798
Leon;24027;19,158
Leon;24028;24,779
Leon;24029;170,654
Leon;24030;32,758
Leon;24031;56,031
Leon;24032;20,883
Leon;24033;13,972
Leon;24034;29,033
Leon;24036;141,241
Leon;24037;154,268
Leon;24038;32,643
Leon;24039;41,872
Leon;24040;66,061
Leon;24041;35,044
Leon;24042;25,904
Leon;24043;115,994
Leon;24044;23,530
Leon;24046;88,366
Leon;24047;194,667
Leon;24049;59,860
Leon;24050;23,507
Leon;24051;112,326
Leon;24052;89,744
Leon;24053;21,225
Leon;24054;26,046
Leon;24055;73,976
Leon;24056;97,603
Leon;24057;36,837
Leon;24058;31,805
Leon;24059;78,233
Leon;24060;153,130
Leon;24061;109,667
Leon;24062;12,484
Leon;24063;86,820
Leon;24064;53,511
Leon;24065;100,314
Leon;24066;56,262
Leon;24067;195,289
Leon;24068;105,028
Leon;24069;17,139
Leon;24070;54,765
Leon;24071;69,444
Leon;24073;15,143
Leon;24074;32,136
Leon;24076;125,375
Leon;24077;27,318
Leon;24078;23,368
Leon;24079;205,876
Leon;24080;25,370
Leon;24081;24,684
Leon;24082;4,628
Leon;24083;206,299
Leon;24084;44,235
Leon;24086;51,467
Leon;24087;38,426
Leon;24088;71,831
Leon;24089;39,031
Leon;24090;165,262
Leon;24091;132,441
Leon;24092;59,917
Leon;24093;72,701
Leon;24094;35,363
Leon;24095;14,477
Leon;24096;33,568
Leon;24097;46,445
Leon;24098;73,472
Leon;24099;53,591
Leon;24100;79,597
Leon;24101;202,364
Leon;24102;72,226
Leon;24103;98,482
Leon;24104;32,512
Leon;24105;21,812
Leon;24106;73,304
Leon;24107;61,836
Leon;24108;20,434
Leon;24109;181,285
Leon;24110;190,876
Leon;24112;117,658
Leon;24113;20,178
Leon;24114;157,702
Leon;24115;283,408
Leon;24116;164,576
Leon;24117;36,249
Leon;24118;22,937
Leon;24119;33,687
Leon;24120;48,976
Leon;24121;171,418
Leon;24122;59,276
Leon;24123;156,522
Leon;24124;23,373
Leon;24125;88,415
Leon;24127;11,357
Leon;24129;26,191
Leon;24130;97,624
Leon;24131;35,419
Leon;24132;236,101
Leon;24133;72,227
Leon;24134;85,251
Leon;24136;54,511
Leon;24137;24,940
Leon;24139;123,626
Leon;24141;15,841
Leon;24142;64,253
Leon;24143;31,071
Leon;24144;24,568
Leon;24145;210,832
Leon;24146;32,265
Leon;24148;48,419
Leon;24149;24,703
Leon;24150;23,526
Leon;24151;91,968
Leon;24152;179,449
Leon;24153;40,027
Leon;24154;62,385
Leon;24155;12,757
Leon;24156;92,221
Leon;24157;20,091
Leon;24158;45,610
Leon;24159;45,638
Leon;24160;118,819
Leon;24161;39,711
Leon;24162;30,385
Leon;24163;36,377
Leon;24164;147,805
Leon;24165;40,950
Leon;24166;23,594
Leon;24167;69,194
Leon;24168;21,112
Leon;24169;103,407
Leon;24170;119,339
Leon;24171;69,553
Leon;24172;301,729
Leon;24173;32,009
Leon;24174;32,858
Leon;24175;102,262
Leon;24176;24,187
Leon;24177;143,497
Leon;24178;13,405
Leon;24179;56,728
Leon;24180;142,544
Leon;24181;99,650
Leon;24182;60,282
Leon;24183;160,760
Leon;24184;61,777
Leon;24185;49,517
Leon;24187;68,040
Leon;24188;58,516
Leon;24189;64,288
Leon;24190;35,902
Leon;24191;23,361
Leon;24193;44,388
Leon;24194;34,896
Leon;24196;132,352
Leon;24197;20,804
Leon;24198;69,438
Leon;24199;72,962
Leon;24201;122,954
Leon;24202;228,421
Leon;24203;36,982
Leon;24205;44,951
Leon;24206;24,169
Leon;24207;16,635
Leon;24209;177,470
Leon;24210;167,417
Leon;24211;16,238
Leon;24212;57,822
Leon;24213;31,656
Leon;24214;79,034
Leon;24215;39,625
Leon;24216;57,199
Leon;24217;37,230
Leon;24218;31,897
Leon;24219;31,837
Leon;24221;53,442
Leon;24222;52,902
Leon;24223;36,253
Leon;24224;25,872
Leon;24225;59,971
Leon;24226;56,512
Leon;24227;56,913
Leon;24228;45,828
Leon;24229;145,859
Leon;24230;53,965
Leon;24901;176,331
Leon;24902;48,294
Palencia;34001;11,392
Palencia;34003;27,147
Palencia;34004;236,311
Palencia;34005;57,886
Palencia;34006;35,191
Palencia;34009;10,169
Palencia;34010;133,134
Palencia;34011;78,821
Palencia;34012;62,797
Palencia;34015;19,427
Palencia;34017;122,894
Palencia;34018;34,572
Palencia;34019;30,523
Palencia;34020;19,698
Palencia;34022;158,762
Palencia;34023;14,244
Palencia;34024;22,105
Palencia;34025;14,532
Palencia;34027;53,270
Palencia;34028;18,557
Palencia;34029;78,934
Palencia;34031;16,139
Palencia;34032;19,595
Palencia;34033;14,523
Palencia;34034;28,645
Palencia;34035;51,258
Palencia;34036;62,454
Palencia;34037;81,615
Palencia;34038;18,981
Palencia;34039;31,195
Palencia;34041;17,985
Palencia;34042;25,932
Palencia;34045;18,266
Palencia;34046;13,692
Palencia;34047;63,352
Palencia;34048;23,859
Palencia;34049;106,365
Palencia;34050;48,910
Palencia;34051;40,245
Palencia;34052;33,930
Palencia;34053;52,954
Palencia;34055;71,442
Palencia;34056;326,024
Palencia;34057;50,828
Palencia;34058;44,029
Palencia;34059;63,280
Palencia;34060;46,485
Palencia;34061;20,992
Palencia;34062;68,903
Palencia;34063;38,785
Palencia;34066;21,088
Palencia;34067;43,764
Palencia;34068;20,937
Palencia;34069;124,303
Palencia;34070;45,250
Palencia;34071;38,024
Palencia;34072;34,322
Palencia;34073;44,015
Palencia;34074;46,569
Palencia;34076;60,494
Palencia;34077;42,911
Palencia;34079;28,582
Palencia;34080;62,813
Palencia;34081;32,332
Palencia;34082;32,307
Palencia;34083;99,026
Palencia;34084;27,548
Palencia;34086;29,518
Palencia;34087;35,337
Palencia;34088;16,342
Palencia;34089;20,920
Palencia;34091;43,520
Palencia;34092;28,931
Palencia;34093;20,070
Palencia;34094;28,296
Palencia;34096;17,068
Palencia;34098;27,832
Palencia;34099;12,590
Palencia;34100;25,522
Palencia;34101;21,851
Palencia;34102;25,238
Palencia;34103;18,558
Palencia;34104;26,565
Palencia;34106;28,210
Palencia;34107;20,724
Palencia;34108;45,890
Palencia;34109;29,261
Palencia;34110;6,803
Palencia;34112;13,798
Palencia;34113;8,137
Palencia;34114;103,553
Palencia;34116;18,167
Palencia;34120;94,911
Palencia;34121;75,681
Palencia;34122;22,753
Palencia;34123;128,944
Palencia;34124;19,270
Palencia;34125;32,372
Palencia;34126;21,052
Palencia;34127;27,449
Palencia;34129;51,995
Palencia;34130;12,383
Palencia;34131;22,864
Palencia;34132;23,248
Palencia;34133;19,781
Palencia;34134;14,865
Palencia;34135;80,228
Palencia;34136;24,329
Palencia;34137;13,811
Palencia;34139;21,305
Palencia;34140;29,489
Palencia;34141;11,509
Palencia;34143;51,041
Palencia;34146;23,119
Palencia;34147;22,238
Palencia;34149;13,409
Palencia;34151;65,634
Palencia;34152;22,397
Palencia;34154;20,550
Palencia;34155;15,479
Palencia;34156;19,787
Palencia;34157;131,913
Palencia;34158;21,192
Palencia;34159;32,617
Palencia;34160;41,104
Palencia;34161;10,771
Palencia;34163;15,532
Palencia;34165;18,222
Palencia;34167;19,940
Palencia;34168;25,499
Palencia;34169;70,658
Palencia;34170;25,523
Palencia;34171;111,706
Palencia;34174;34,676
Palencia;34175;12,300
Palencia;34176;25,253
Palencia;34177;12,937
Palencia;34178;46,311
Palencia;34179;21,553
Palencia;34180;20,739
Palencia;34181;20,669
Palencia;34182;83,585
Palencia;34184;28,238
Palencia;34185;63,275
Palencia;34186;29,001
Palencia;34189;20,584
Palencia;34190;28,799
Palencia;34192;42,573
Palencia;34196;38,941
Palencia;34199;198,892
Palencia;34201;57,328
Palencia;34202;11,190
Palencia;34204;21,779
Palencia;34205;34,042
Palencia;34206;64,859
Palencia;34208;20,663
Palencia;34210;32,641
Palencia;34211;40,772
Palencia;34213;17,836
Palencia;34214;33,843
Palencia;34215;25,404
Palencia;34216;26,316
Palencia;34217;18,994
Palencia;34218;26,288
Palencia;34220;35,809
Palencia;34221;58,102
Palencia;34222;53,139
Palencia;34223;13,289
Palencia;34224;25,175
Palencia;34225;40,000
Palencia;34227;16,558
Palencia;34228;31,027
Palencia;34229;26,403
Palencia;34230;7,678
Palencia;34231;80,272
Palencia;34232;30,257
Palencia;34233;20,490
Palencia;34234;30,323
Palencia;34236;26,142
Palencia;34237;42,032
Palencia;34238;37,213
Palencia;34240;22,051
Palencia;34241;8,695
Palencia;34242;9,023
Palencia;34243;40,586
Palencia;34245;77,925
Palencia;34246;23,518
Palencia;34901;88,544
Palencia;34902;62,970
Palencia;34903;71,205
Palencia;34904;165,608
Salamanca;37001;23,124
Salamanca;37002;44,558
Salamanca;37003;27,979
Salamanca;37004;24,134
Salamanca;37005;32,330
Salamanca;37006;19,370
Salamanca;37007;49,181
Salamanca;37008;46,524
Salamanca;37009;22,382
Salamanca;37010;60,786
Salamanca;37011;30,116
Salamanca;37012;21,259
Salamanca;37013;37,193
Salamanca;37014;46,253
Salamanca;37015;41,990
Salamanca;37016;5,479
Salamanca;37017;55,655
Salamanca;37018;14,518
Salamanca;37019;8,420
Salamanca;37020;32,856
Salamanca;37021;17,583
Salamanca;37022;24,300
Salamanca;37023;31,492
Salamanca;37024;12,856
Salamanca;37025;70,709
Salamanca;37026;60,521
Salamanca;37027;19,303
Salamanca;37028;39,118
Salamanca;37029;37,047
Salamanca;37030;20,250
Salamanca;37031;23,261
Salamanca;37032;25,254
Salamanca;37033;11,486
Salamanca;37034;7,100
Salamanca;37035;38,941
Salamanca;37036;10,394
Salamanca;37037;24,157
Salamanca;37038;22,606
Salamanca;37039;50,567
Salamanca;37040;36,124
Salamanca;37041;37,591
Salamanca;37042;21,154
Salamanca;37044;37,904
Salamanca;37045;18,546
Salamanca;37046;45,760
Salamanca;37047;26,638
Salamanca;37049;28,500
Salamanca;37050;38,727
Salamanca;37051;30,566
Salamanca;37052;30,234
Salamanca;37054;60,824
Salamanca;37055;32,956
Salamanca;37056;14,596
Salamanca;37057;23,015
Salamanca;37058;14,916
Salamanca;37059;59,302
Salamanca;37060;27,056
Salamanca;37061;47,393
Salamanca;37062;8,493
Salamanca;37063;13,917
Salamanca;37065;45,045
Salamanca;37067;11,647
Salamanca;37068;24,878
Salamanca;37069;28,169
Salamanca;37070;25,744
Salamanca;37071;9,470
Salamanca;37072;44,117
Salamanca;37073;20,038
Salamanca;37074;26,067
Salamanca;37077;45,203
Salamanca;37078;60,207
Salamanca;37079;38,809
Salamanca;37080;7,516
Salamanca;37081;71,149
Salamanca;37082;78,480
Salamanca;37083;37,069
Salamanca;37085;13,628
Salamanca;37086;70,625
Salamanca;37087;76,642
Salamanca;37088;41,002
Salamanca;37089;29,621
Salamanca;37090;1,263
Salamanca;37091;42,674
Salamanca;37092;13,844
Salamanca;37096;155,971
Salamanca;37097;30,409
Salamanca;37098;10,742
Salamanca;37099;15,495
Salamanca;37100;17,954
Salamanca;37101;51,669
Salamanca;37102;25,880
Salamanca;37103;46,312
Salamanca;37104;16,982
Salamanca;37106;104,770
Salamanca;37107;240,308
Salamanca;37108;10,469
Salamanca;37109;40,011
Salamanca;37110;15,840
Salamanca;37112;22,100
Salamanca;37113;91,244
Salamanca;37114;14,711
Salamanca;37115;16,354
Salamanca;37116;46,190
Salamanca;37117;14,069
Salamanca;37118;17,466
Salamanca;37119;30,816
Salamanca;37120;23,780
Salamanca;37121;20,870
Salamanca;37122;8,788
Salamanca;37123;33,784
Salamanca;37124;33,565
Salamanca;37125;20,985
Salamanca;37126;39,493
Salamanca;37127;98,567
Salamanca;37128;23,457
Salamanca;37129;20,805
Salamanca;37130;38,089
Salamanca;37131;28,312
Salamanca;37132;45,240
Salamanca;37133;8,180
Salamanca;37134;13,289
Salamanca;37135;77,119
Salamanca;37136;101,764
Salamanca;37137;50,232
Salamanca;37138;27,261
Salamanca;37139;14,481
Salamanca;37140;57,286
Salamanca;37141;27,672
Salamanca;37142;44,168
Salamanca;37143;31,643
Salamanca;37144;22,858
Salamanca;37145;47,216
Salamanca;37146;30,828
Salamanca;37147;12,518
Salamanca;37148;47,600
Salamanca;37149;84,323
Salamanca;37150;43,371
Salamanca;37151;11,795
Salamanca;37152;20,703
Salamanca;37154;31,519
Salamanca;37155;13,471
Salamanca;37156;63,262
Salamanca;37157;23,446
Salamanca;37158;31,543
Salamanca;37159;25,702
Salamanca;37160;93,133
Salamanca;37161;29,997
Salamanca;37162;53,382
Salamanca;37163;8,674
Salamanca;37164;14,205
Salamanca;37165;12,940
Salamanca;37166;27,505
Salamanca;37167;21,758
Salamanca;37168;42,552
Salamanca;37169;49,646
Salamanca;37170;141,331
Salamanca;37171;16,957
Salamanca;37172;27,913
Salamanca;37173;70,209
Salamanca;37174;32,940
Salamanca;37175;18,691
Salamanca;37176;1,608
Salamanca;37177;46,312
Salamanca;37178;10,297
Salamanca;37179;23,472
Salamanca;37180;36,749
Salamanca;37181;47,426
Salamanca;37182;24,049
Salamanca;37183;63,306
Salamanca;37184;19,790
Salamanca;37185;32,823
Salamanca;37186;38,679
Salamanca;37187;69,341
Salamanca;37188;7,027
Salamanca;37189;46,554
Salamanca;37190;34,874
Salamanca;37191;22,692
Salamanca;37192;24,085
Salamanca;37193;21,088
Salamanca;37194;9,058
Salamanca;37195;6,792
Salamanca;37196;4,365
Salamanca;37197;19,112
Salamanca;37198;32,870
Salamanca;37199;48,161
Salamanca;37200;29,120
Salamanca;37201;15,307
Salamanca;37202;10,972
Salamanca;37203;35,328
Salamanca;37204;51,931
Salamanca;37205;22,948
Salamanca;37206;8,360
Salamanca;37207;12,087
Salamanca;37208;27,733
Salamanca;37209;44,871
Salamanca;37211;74,121
Salamanca;37212;8,551
Salamanca;37213;11,736
Salamanca;37214;16,527
Salamanca;37215;44,648
Salamanca;37216;17,176
Salamanca;37217;11,083
Salamanca;37218;17,534
Salamanca;37219;13,127
Salamanca;37221;60,082
Salamanca;37222;11,789
Salamanca;37223;90,671
Salamanca;37224;30,588
Salamanca;37225;9,626
Salamanca;37226;27,750
Salamanca;37228;36,484
Salamanca;37229;16,362
Salamanca;37230;17,825
Salamanca;37231;31,595
Salamanca;37232;35,629
Salamanca;37233;12,705
Salamanca;37234;61,968
Salamanca;37235;23,255
Salamanca;37236;19,261
Salamanca;37237;70,425
Salamanca;37238;8,121
Salamanca;37239;20,263
Salamanca;37240;23,144
Salamanca;37241;14,650
Salamanca;37242;44,418
Salamanca;37243;25,221
Salamanca;37244;6,265
Salamanca;37245;62,344
Salamanca;37246;22,963
Salamanca;37247;12,732
Salamanca;37248;19,705
Salamanca;37249;32,728
Salamanca;37250;48,889
Salamanca;37251;8,795
Salamanca;37252;14,605
Salamanca;37253;20,234
Salamanca;37254;19,755
Salamanca;37255;16,677
Salamanca;37256;23,740
Salamanca;37257;59,069
Salamanca;37258;26,021
Salamanca;37259;9,284
Salamanca;37260;37,361
Salamanca;37261;34,051
Salamanca;37262;62,773
Salamanca;37263;10,392
Salamanca;37264;29,428
Salamanca;37265;31,662
Salamanca;37266;16,510
Salamanca;37267;64,653
Salamanca;37268;13,073
Salamanca;37269;78,961
Salamanca;37270;21,851
Salamanca;37271;22,993
Salamanca;37272;45,623
Salamanca;37273;40,868
Salamanca;37274;39,508
Salamanca;37275;20,723
Salamanca;37276;22,998
Salamanca;37277;34,684
Salamanca;37278;9,924
Salamanca;37279;142,064
Salamanca;37280;29,267
Salamanca;37281;15,090
Salamanca;37282;14,042
Salamanca;37283;60,636
Salamanca;37284;20,842
Salamanca;37285;81,562
Salamanca;37286;15,516
Salamanca;37287;28,569
Salamanca;37288;4,920
Salamanca;37289;53,947
Salamanca;37290;15,677
Salamanca;37291;102,244
Salamanca;37292;27,705
Salamanca;37293;13,902
Salamanca;37294;10,027
Salamanca;37296;53,341
Salamanca;37297;29,808
Salamanca;37298;13,616
Salamanca;37299;27,070
Salamanca;37300;44,346
Salamanca;37301;32,499
Salamanca;37302;46,069
Salamanca;37303;59,055
Salamanca;37304;39,991
Salamanca;37305;6,274
Salamanca;37306;80,631
Salamanca;37307;67,594
Salamanca;37309;14,866
Salamanca;37310;14,300
Salamanca;37311;53,597
Salamanca;37312;20,514
Salamanca;37313;57,738
Salamanca;37314;63,830
Salamanca;37315;12,325
Salamanca;37316;60,741
Salamanca;37317;29,264
Salamanca;37318;24,701
Salamanca;37319;21,195
Salamanca;37320;44,135
Salamanca;37321;40,106
Salamanca;37322;33,121
Salamanca;37323;112,350
Salamanca;37324;25,090
Salamanca;37325;11,446
Salamanca;37327;11,883
Salamanca;37328;29,733
Salamanca;37329;33,492
Salamanca;37330;27,233
Salamanca;37331;34,582
Salamanca;37332;11,754
Salamanca;37333;8,222
Salamanca;37334;16,363
Salamanca;37335;63,467
Salamanca;37336;17,308
Salamanca;37337;22,380
Salamanca;37338;33,243
Salamanca;37339;26,285
Salamanca;37340;27,412
Salamanca;37341;7,595
Salamanca;37342;21,991
Salamanca;37343;7,266
Salamanca;37344;45,092
Salamanca;37345;28,129
Salamanca;37346;43,727
Salamanca;37347;25,513
Salamanca;37348;18,021
Salamanca;37349;29,680
Salamanca;37350;46,594
Salamanca;37351;42,037
Salamanca;37352;25,571
Salamanca;37353;36,809
Salamanca;37354;16,134
Salamanca;37355;13,002
Salamanca;37356;30,070
Salamanca;37357;56,940
Salamanca;37358;44,288
Salamanca;37359;55,890
Salamanca;37360;31,692
Salamanca;37361;28,037
Salamanca;37362;21,804
Salamanca;37363;40,586
Salamanca;37364;102,772
Salamanca;37365;39,082
Salamanca;37366;38,858
Salamanca;37367;39,568
Salamanca;37368;21,557
Salamanca;37369;12,330
Salamanca;37370;136,180
Salamanca;37371;39,561
Salamanca;37372;15,879
Salamanca;37373;50,905
Salamanca;37374;31,660
Salamanca;37375;17,275
Salamanca;37376;52,392
Salamanca;37377;57,265
Salamanca;37378;47,944
Salamanca;37379;30,918
Salamanca;37380;7,650
Salamanca;37381;28,341
Salamanca;37382;32,130
Segovia;40001;31,944
Segovia;40002;10,714
Segovia;40003;18,186
Segovia;40004;60,538
Segovia;40005;12,062
Segovia;40006;6,072
Segovia;40007;35,138
Segovia;40008;19,715
Segovia;40009;20,374
Segovia;40010;22,079
Segovia;40012;25,266
Segovia;40013;18,611
Segovia;40014;11,913
Segovia;40015;13,412
Segovia;40016;20,545
Segovia;40017;15,182
Segovia;40018;11,611
Segovia;40019;16,346
Segovia;40020;31,808
Segovia;40021;11,581
Segovia;40022;45,815
Segovia;40024;128,848
Segovia;40025;26,113
Segovia;40026;19,048
Segovia;40028;20,816
Segovia;40029;12,159
Segovia;40030;29,176
Segovia;40031;9,260
Segovia;40032;41,514
Segovia;40033;13,693
Segovia;40034;16,821
Segovia;40035;26,393
Segovia;40036;35,232
Segovia;40037;14,779
Segovia;40039;37,540
Segovia;40040;79,385
Segovia;40041;26,279
Segovia;40043;66,317
Segovia;40044;30,496
Segovia;40045;17,315
Segovia;40046;27,220
Segovia;40047;19,706
Segovia;40048;18,311
Segovia;40049;12,608
Segovia;40051;21,039
Segovia;40052;23,722
Segovia;40053;19,874
Segovia;40054;48,627
Segovia;40055;9,723
Segovia;40056;13,843
Segovia;40057;98,409
Segovia;40058;64,259
Segovia;40059;16,364
Segovia;40060;23,829
Segovia;40061;18,047
Segovia;40062;20,491
Segovia;40063;217,300
Segovia;40065;35,239
Segovia;40068;17,751
Segovia;40069;17,215
Segovia;40070;17,251
Segovia;40071;17,596
Segovia;40072;8,269
Segovia;40073;31,775
Segovia;40074;16,028
Segovia;40075;39,631
Segovia;40076;204,888
Segovia;40077;25,995
Segovia;40078;11,558
Segovia;40079;63,296
Segovia;40080;17,613
Segovia;40081;27,650
Segovia;40082;17,616
Segovia;40083;31,163
Segovia;40084;7,796
Segovia;40086;30,883
Segovia;40087;12,024
Segovia;40088;35,886
Segovia;40089;25,838
Segovia;40091;29,762
Segovia;40092;50,520
Segovia;40093;21,787
Segovia;40094;22,395
Segovia;40095;30,248
Segovia;40097;12,678
Segovia;40099;20,798
Segovia;40100;38,341
Segovia;40101;6,125
Segovia;40103;17,265
Segovia;40104;13,249
Segovia;40105;13,886
Segovia;40106;21,617
Segovia;40107;20,954
Segovia;40108;19,279
Segovia;40109;26,642
Segovia;40110;65,386
Segovia;40111;32,448
Segovia;40112;9,457
Segovia;40113;28,000
Segovia;40115;94,117
Segovia;40118;15,341
Segovia;40119;15,296
Segovia;40120;17,695
Segovia;40121;45,573
Segovia;40122;28,973
Segovia;40123;21,397
Segovia;40124;20,069
Segovia;40125;7,462
Segovia;40126;18,586
Segovia;40127;15,668
Segovia;40128;19,149
Segovia;40129;35,942
Segovia;40130;27,833
Segovia;40131;25,529
Segovia;40132;32,477
Segovia;40134;42,714
Segovia;40135;87,179
Segovia;40136;19,356
Segovia;40138;83,116
Segovia;40139;30,406
Segovia;40140;20,823
Segovia;40141;32,773
Segovia;40142;14,833
Segovia;40143;24,588
Segovia;40144;18,865
Segovia;40145;62,240
Segovia;40146;68,913
Segovia;40148;33,798
Segovia;40149;66,472
Segovia;40150;20,909
Segovia;40151;8,394
Segovia;40152;43,666
Segovia;40154;8,253
Segovia;40155;36,623
Segovia;40156;31,563
Segovia;40157;12,432
Segovia;40158;10,113
Segovia;40159;29,701
Segovia;40160;19,513
Segovia;40161;25,837
Segovia;40162;46,126
Segovia;40163;17,597
Segovia;40164;24,515
Segovia;40165;13,963
Segovia;40166;8,470
Segovia;40168;11,640
Segovia;40170;149,359
Segovia;40171;21,614
Segovia;40172;27,018
Segovia;40173;9,958
Segovia;40174;44,449
Segovia;40176;47,440
Segovia;40177;14,758
Segovia;40178;15,156
Segovia;40179;29,255
Segovia;40180;37,502
Segovia;40181;144,804
Segovia;40182;42,536
Segovia;40183;18,309
Segovia;40184;26,060
Segovia;40185;179,667
Segovia;40186;14,840
Segovia;40188;29,115
Segovia;40189;45,554
Segovia;40190;27,591
Segovia;40191;56,751
Segovia;40192;20,263
Segovia;40193;27,696
Segovia;40194;163,732
Segovia;40195;132,011
Segovia;40196;13,303
Segovia;40198;20,317
Segovia;40199;23,915
Segovia;40200;12,875
Segovia;40201;9,437
Segovia;40202;32,834
Segovia;40203;42,218
Segovia;40204;19,602
Segovia;40205;55,048
Segovia;40206;44,265
Segovia;40207;32,665
Segovia;40208;70,725
Segovia;40210;32,844
Segovia;40211;19,428
Segovia;40212;17,513
Segovia;40213;18,155
Segovia;40214;23,166
Segovia;40215;38,619
Segovia;40216;30,963
Segovia;40218;16,448
Segovia;40219;36,827
Segovia;40220;9,693
Segovia;40221;15,983
Segovia;40222;21,946
Segovia;40223;21,782
Segovia;40224;5,976
Segovia;40225;109,521
Segovia;40228;27,784
Segovia;40229;24,783
Segovia;40230;16,688
Segovia;40231;24,270
Segovia;40233;28,288
Segovia;40234;17,748
Segovia;40901;15,405
Segovia;40902;15,226
Segovia;40903;26,349
Segovia;40904;14,817
Segovia;40905;38,421
Segovia;40906;6,338
Soria;42001;23,413
Soria;42003;67,420
Soria;42004;164,909
Soria;42006;52,247
Soria;42007;60,515
Soria;42008;85,999
Soria;42009;45,691
Soria;42010;6,321
Soria;42011;11,859
Soria;42012;9,287
Soria;42013;27,360
Soria;42014;37,763
Soria;42015;34,941
Soria;42016;17,642
Soria;42017;9,894
Soria;42018;158,993
Soria;42019;101,055
Soria;42020;166,402
Soria;42021;67,812
Soria;42022;105,919
Soria;42023;54,580
Soria;42024;77,706
Soria;42025;441,230
Soria;42026;30,363
Soria;42027;40,054
Soria;42028;20,105
Soria;42029;116,492
Soria;42030;45,017
Soria;42031;55,377
Soria;42032;44,060
Soria;42033;20,603
Soria;42034;41,126
Soria;42035;220,005
Soria;42036;17,547
Soria;42037;16,468
Soria;42038;23,379
Soria;42039;62,536
Soria;42041;18,522
Soria;42042;5,144
Soria;42043;289,118
Soria;42044;17,854
Soria;42045;124,041
Soria;42046;64,771
Soria;42048;84,293
Soria;42049;44,797
Soria;42050;22,926
Soria;42051;16,302
Soria;42052;18,133
Soria;42053;23,527
Soria;42054;12,754
Soria;42055;28,058
Soria;42056;12,148
Soria;42057;38,784
Soria;42058;52,939
Soria;42059;19,856
Soria;42060;18,007
Soria;42061;71,140
Soria;42062;21,014
Soria;42063;34,126
Soria;42064;52,607
Soria;42065;8,749
Soria;42068;54,917
Soria;42069;104,295
Soria;42070;20,194
Soria;42071;132,740
Soria;42073;29,979
Soria;42075;16,354
Soria;42076;118,077
Soria;42078;44,804
Soria;42079;19,429
Soria;42080;71,728
Soria;42081;21,957
Soria;42082;10,446
Soria;42083;25,658
Soria;42084;16,764
Soria;42085;60,492
Soria;42086;48,599
Soria;42087;8,808
Soria;42088;42,213
Soria;42089;26,326
Soria;42090;52,480
Soria;42092;11,208
Soria;42093;9,179
Soria;42094;76,180
Soria;42095;189,682
Soria;42096;68,220
Soria;42097;15,703
Soria;42098;26,046
Soria;42100;26,051
Soria;42103;189,764
Soria;42105;24,366
Soria;42106;7,893
Soria;42107;58,474
Soria;42108;30,371
Soria;42110;41,604
Soria;42111;62,942
Soria;42113;205,221
Soria;42115;56,207
Soria;42116;48,849
Soria;42117;27,370
Soria;42118;22,898
Soria;42119;96,971
Soria;42120;167,133
Soria;42121;55,278
Soria;42123;62,017
Soria;42124;3,653
Soria;42125;11,350
Soria;42127;36,526
Soria;42128;13,208
Soria;42129;25,008
Soria;42130;25,107
Soria;42131;21,922
Soria;42132;85,054
Soria;42134;98,708
Soria;42135;39,893
Soria;42139;19,371
Soria;42140;12,934
Soria;42141;64,254
Soria;42142;36,773
Soria;42144;183,780
Soria;42145;29,939
Soria;42148;38,446
Soria;42149;101,457
Soria;42151;10,372
Soria;42152;67,254
Soria;42153;24,369
Soria;42154;36,208
Soria;42155;172,628
Soria;42156;20,432
Soria;42157;23,423
Soria;42158;49,984
Soria;42159;18,602
Soria;42160;125,958
Soria;42161;2,693
Soria;42162;406,387
Soria;42163;21,082
Soria;42164;60,532
Soria;42165;176,078
Soria;42166;33,492
Soria;42167;49,123
Soria;42168;45,374
Soria;42171;60,122
Soria;42172;19,467
Soria;42173;271,564
Soria;42174;60,492
Soria;42175;39,162
Soria;42176;20,853
Soria;42177;18,052
Soria;42178;52,931
Soria;42181;64,086
Soria;42182;36,884
Soria;42183;77,906
Soria;42184;41,121
Soria;42185;17,443
Soria;42187;52,295
Soria;42188;20,496
Soria;42189;17,112
Soria;42190;14,065
Soria;42191;19,446
Soria;42192;13,290
Soria;42193;4,843
Soria;42194;62,930
Soria;42195;51,371
Soria;42196;31,896
Soria;42197;32,146
Soria;42198;22,913
Soria;42200;71,538
Soria;42201;18,561
Soria;42202;19,666
Soria;42204;56,123
Soria;42205;81,276
Soria;42206;21,413
Soria;42207;11,694
Soria;42208;25,274
Soria;42209;126,939
Soria;42211;14,363
Soria;42212;61,711
Soria;42213;21,551
Soria;42215;142,936
Soria;42216;24,288
Soria;42217;16,607
Soria;42218;54,250
Soria;42219;24,930
Valladolid;47001;16,261
Valladolid;47002;27,012
Valladolid;47003;49,832
Valladolid;47004;102,556
Valladolid;47005;48,003
Valladolid;47006;19,917
Valladolid;47007;53,565
Valladolid;47008;17,156
Valladolid;47009;15,901
Valladolid;47010;11,714
Valladolid;47011;42,589
Valladolid;47012;20,697
Valladolid;47013;27,131
Valladolid;47014;12,960
Valladolid;47015;38,243
Valladolid;47016;16,546
Valladolid;47017;41,370
Valladolid;47018;13,940
Valladolid;47019;15,853
Valladolid;47020;32,698
Valladolid;47021;16,311
Valladolid;47022;6,196
Valladolid;47023;24,112
Valladolid;47024;29,921
Valladolid;47025;27,441
Valladolid;47026;21,915
Valladolid;47027;45,368
Valladolid;47028;10,297
Valladolid;47029;28,082
Valladolid;47030;46,764
Valladolid;47031;32,790
Valladolid;47032;17,451
Valladolid;47033;32,083
Valladolid;47034;23,506
Valladolid;47035;56,496
Valladolid;47036;27,729
Valladolid;47037;30,194
Valladolid;47038;25,789
Valladolid;47039;35,905
Valladolid;47040;16,879
Valladolid;47041;15,968
Valladolid;47042;16,848
Valladolid;47043;87,003
Valladolid;47044;29,190
Valladolid;47045;124,450
Valladolid;47046;24,869
Valladolid;47047;32,440
Valladolid;47048;36,114
Valladolid;47049;21,329
Valladolid;47050;61,112
Valladolid;47051;30,357
Valladolid;47052;31,744
Valladolid;47053;13,556
Valladolid;47054;73,482
Valladolid;47055;42,421
Valladolid;47056;17,780
Valladolid;47057;23,538
Valladolid;47058;47,864
Valladolid;47059;18,994
Valladolid;47060;30,836
Valladolid;47061;41,504
Valladolid;47062;36,112
Valladolid;47063;16,386
Valladolid;47064;16,961
Valladolid;47065;64,458
Valladolid;47066;25,127
Valladolid;47067;20,944
Valladolid;47068;13,604
Valladolid;47069;11,214
Valladolid;47070;20,508
Valladolid;47071;18,177
Valladolid;47073;29,484
Valladolid;47074;34,726
Valladolid;47075;60,505
Valladolid;47076;29,143
Valladolid;47077;48,341
Valladolid;47078;27,565
Valladolid;47079;15,214
Valladolid;47080;18,812
Valladolid;47081;12,670
Valladolid;47082;50,499
Valladolid;47083;12,307
Valladolid;47084;150,618
Valladolid;47085;153,158
Valladolid;47086;115,159
Valladolid;47087;19,046
Valladolid;47088;23,025
Valladolid;47089;35,034
Valladolid;47090;46,222
Valladolid;47091;29,933
Valladolid;47092;33,962
Valladolid;47093;59,532
Valladolid;47094;42,487
Valladolid;47095;15,292
Valladolid;47096;15,883
Valladolid;47097;31,337
Valladolid;47098;63,803
Valladolid;47099;19,063
Valladolid;47100;22,512
Valladolid;47101;126,088
Valladolid;47102;35,803
Valladolid;47103;29,320
Valladolid;47104;129,308
Valladolid;47105;24,834
Valladolid;47106;16,111
Valladolid;47109;32,200
Valladolid;47110;44,762
Valladolid;47111;56,739
Valladolid;47112;30,699
Valladolid;47113;51,930
Valladolid;47114;76,083
Valladolid;47115;66,201
Valladolid;47116;55,829
Valladolid;47117;29,951
Valladolid;47118;21,259
Valladolid;47119;23,400
Valladolid;47121;50,528
Valladolid;47122;64,400
Valladolid;47123;35,094
Valladolid;47124;27,956
Valladolid;47125;20,475
Valladolid;47126;10,832
Valladolid;47127;28,063
Valladolid;47128;14,594
Valladolid;47129;55,138
Valladolid;47130;32,201
Valladolid;47131;27,628
Valladolid;47132;21,192
Valladolid;47133;29,083
Valladolid;47134;22,701
Valladolid;47135;8,843
Valladolid;47137;11,487
Valladolid;47138;25,585
Valladolid;47139;90,493
Valladolid;47140;15,828
Valladolid;47141;26,313
Valladolid;47142;35,500
Valladolid;47143;24,874
Valladolid;47144;58,188
Valladolid;47145;55,486
Valladolid;47146;7,445
Valladolid;47147;24,899
Valladolid;47148;44,354
Valladolid;47149;10,683
Valladolid;47150;41,766
Valladolid;47151;10,647
Valladolid;47152;25,004
Valladolid;47153;54,002
Valladolid;47154;24,155
Valladolid;47155;13,832
Valladolid;47156;37,892
Valladolid;47157;19,662
Valladolid;47158;65,885
Valladolid;47159;24,185
Valladolid;47160;61,259
Valladolid;47161;42,566
Valladolid;47162;37,775
Valladolid;47163;47,310
Valladolid;47164;61,521
Valladolid;47165;141,644
Valladolid;47166;27,343
Valladolid;47167;59,881
Valladolid;47168;7,280
Valladolid;47169;23,591
Valladolid;47170;30,144
Valladolid;47171;66,085
Valladolid;47172;50,736
Valladolid;47173;26,289
Valladolid;47174;37,792
Valladolid;47175;60,496
Valladolid;47176;35,998
Valladolid;47177;18,737
Valladolid;47178;44,070
Valladolid;47179;46,547
Valladolid;47180;14,647
Valladolid;47181;42,063
Valladolid;47182;36,278
Valladolid;47183;30,842
Valladolid;47184;43,297
Valladolid;47185;21,294
Valladolid;47186;197,258
Valladolid;47187;31,368
Valladolid;47188;17,495
Valladolid;47189;23,019
Valladolid;47190;19,952
Valladolid;47191;22,642
Valladolid;47192;16,203
Valladolid;47193;17,974
Valladolid;47194;11,306
Valladolid;47195;51,009
Valladolid;47196;16,972
Valladolid;47197;67,125
Valladolid;47198;17,430
Valladolid;47199;24,083
Valladolid;47200;15,921
Valladolid;47203;20,697
Valladolid;47204;10,390
Valladolid;47205;60,489
Valladolid;47206;26,190
Valladolid;47207;37,448
Valladolid;47208;12,278
Valladolid;47209;18,352
Valladolid;47210;42,742
Valladolid;47211;14,165
Valladolid;47212;100,648
Valladolid;47213;21,963
Valladolid;47214;70,015
Valladolid;47215;18,258
Valladolid;47216;12,232
Valladolid;47217;45,638
Valladolid;47218;37,425
Valladolid;47219;11,399
Valladolid;47220;34,929
Valladolid;47221;19,166
Valladolid;47222;15,157
Valladolid;47223;36,219
Valladolid;47224;13,444
Valladolid;47225;14,155
Valladolid;47226;45,093
Valladolid;47227;21,819
Valladolid;47228;58,194
Valladolid;47229;36,055
Valladolid;47230;38,158
Valladolid;47231;20,207
Valladolid;47232;23,978
Zamora;49002;23,269
Zamora;49003;54,822
Zamora;49004;13,684
Zamora;49005;73,073
Zamora;49006;18,185
Zamora;49007;45,639
Zamora;49008;76,430
Zamora;49009;23,153
Zamora;49010;12,086
Zamora;49011;12,246
Zamora;49012;12,652
Zamora;49013;23,100
Zamora;49014;17,647
Zamora;49015;15,700
Zamora;49016;42,175
Zamora;49017;42,649
Zamora;49018;60,017
Zamora;49019;19,017
Zamora;49020;68,561
Zamora;49021;45,139
Zamora;49022;23,338
Zamora;49023;189,713
Zamora;49024;59,460
Zamora;49025;21,702
Zamora;49026;12,943
Zamora;49027;17,945
Zamora;49028;14,893
Zamora;49029;33,051
Zamora;49030;15,365
Zamora;49031;49,795
Zamora;49032;27,256
Zamora;49033;47,655
Zamora;49034;35,294
Zamora;49035;41,864
Zamora;49036;53,729
Zamora;49037;32,818
Zamora;49038;12,249
Zamora;49039;12,563
Zamora;49040;21,915
Zamora;49041;25,038
Zamora;49042;48,107
Zamora;49043;64,412
Zamora;49044;8,393
Zamora;49046;28,582
Zamora;49047;17,244
Zamora;49048;36,167
Zamora;49050;77,821
Zamora;49052;10,260
Zamora;49053;43,181
Zamora;49054;75,648
Zamora;49055;14,828
Zamora;49056;24,709
Zamora;49057;31,315
Zamora;49058;34,326
Zamora;49059;14,679
Zamora;49061;10,005
Zamora;49062;77,445
Zamora;49063;54,428
Zamora;49064;90,493
Zamora;49065;68,208
Zamora;49066;88,217
Zamora;49067;48,038
Zamora;49068;94,349
Zamora;49069;153,147
Zamora;49071;132,356
Zamora;49075;4,074
Zamora;49076;13,133
Zamora;49077;64,556
Zamora;49078;19,942
Zamora;49079;21,014
Zamora;49080;58,205
Zamora;49081;67,869
Zamora;49082;48,744
Zamora;49083;14,617
Zamora;49084;20,074
Zamora;49085;90,397
Zamora;49086;15,661
Zamora;49087;77,862
Zamora;49088;13,498
Zamora;49090;17,851
Zamora;49091;41,291
Zamora;49092;32,499
Zamora;49093;31,608
Zamora;49094;108,939
Zamora;49095;33,166
Zamora;49096;16,645
Zamora;49097;50,956
Zamora;49098;44,263
Zamora;49099;21,690
Zamora;49100;94,550
Zamora;49101;36,370
Zamora;49102;29,726
Zamora;49103;32,108
Zamora;49104;108,986
Zamora;49105;14,438
Zamora;49107;27,340
Zamora;49108;60,049
Zamora;49109;16,376
Zamora;49110;130,324
Zamora;49111;26,421
Zamora;49112;64,608
Zamora;49113;30,262
Zamora;49114;12,135
Zamora;49115;43,732
Zamora;49116;40,939
Zamora;49117;34,063
Zamora;49118;18,127
Zamora;49119;23,690
Zamora;49120;34,593
Zamora;49121;39,154
Zamora;49122;22,028
Zamora;49123;56,846
Zamora;49124;67,097
Zamora;49125;19,497
Zamora;49126;33,725
Zamora;49127;23,692
Zamora;49128;20,145
Zamora;49129;53,456
Zamora;49130;18,019
Zamora;49131;20,917
Zamora;49132;31,275
Zamora;49133;68,191
Zamora;49134;71,659
Zamora;49135;72,662
Zamora;49136;36,459
Zamora;49137;14,124
Zamora;49138;71,441
Zamora;49139;49,989
Zamora;49141;28,005
Zamora;49142;31,771
Zamora;49143;37,060
Zamora;49145;105,266
Zamora;49146;26,818
Zamora;49147;13,289
Zamora;49148;12,014
Zamora;49149;95,083
Zamora;49150;38,923
Zamora;49151;51,247
Zamora;49152;160,792
Zamora;49153;33,046
Zamora;49154;43,995
Zamora;49155;20,978
Zamora;49156;24,361
Zamora;49157;29,599
Zamora;49158;19,714
Zamora;49159;14,161
Zamora;49160;12,558
Zamora;49162;201,159
Zamora;49163;37,324
Zamora;49164;25,409
Zamora;49165;10,902
Zamora;49166;81,510
Zamora;49167;25,760
Zamora;49168;21,725
Zamora;49169;12,710
Zamora;49170;10,110
Zamora;49171;28,011
Zamora;49172;80,120
Zamora;49173;56,224
Zamora;49174;46,172
Zamora;49175;27,645
Zamora;49176;111,799
Zamora;49177;53,496
Zamora;49178;10,789
Zamora;49179;32,518
Zamora;49180;55,044
Zamora;49181;154,985
Zamora;49183;34,900
Zamora;49184;36,612
Zamora;49185;14,474
Zamora;49186;66,185
Zamora;49187;42,543
Zamora;49188;25,036
Zamora;49189;75,229
Zamora;49190;23,944
Zamora;49191;26,259
Zamora;49192;10,726
Zamora;49193;49,045
Zamora;49194;22,722
Zamora;49197;16,820
Zamora;49199;6,795
Zamora;49200;38,955
Zamora;49201;21,177
Zamora;49202;51,873
Zamora;49203;17,891
Zamora;49204;9,754
Zamora;49205;18,988
Zamora;49206;75,934
Zamora;49207;32,877
Zamora;49208;53,078
Zamora;49209;64,300
Zamora;49210;25,665
Zamora;49214;112,765
Zamora;49216;27,650
Zamora;49219;324,973
Zamora;49220;16,482
Zamora;49221;37,103
Zamora;49222;30,361
Zamora;49223;93,267
Zamora;49224;25,522
Zamora;49225;29,804
Zamora;49226;44,168
Zamora;49227;10,114
Zamora;49228;16,305
Zamora;49229;27,848
Zamora;49230;28,017
Zamora;49231;44,187
Zamora;49232;10,181
Zamora;49233;18,563
Zamora;49234;42,064
Zamora;49235;47,896
Zamora;49236;12,496
Zamora;49237;25,888
Zamora;49238;23,284
Zamora;49239;26,070
Zamora;49240;30,134
Zamora;49241;43,104
Zamora;49242;74,021
Zamora;49243;20,625
Zamora;49244;7,182
Zamora;49245;15,049
Zamora;49246;28,233
Zamora;49247;64,822
Zamora;49248;43,193
Zamora;49249;14,900
Zamora;49250;126,946
Zamora;49251;39,856
Zamora;49252;26,328
Zamora;49255;55,793
Zamora;49256;18,302
Zamora;49257;19,193
Zamora;49258;12,046
Zamora;49259;16,981
Zamora;49260;40,097
Zamora;49261;22,056
Zamora;49262;85,637
Zamora;49263;20,924
Zamora;49264;134,372
Zamora;49265;28,881
Zamora;49266;16,927
Zamora;49267;24,351
Zamora;49268;50,114
Zamora;49269;34,581
Zamora;49270;15,624
Zamora;49271;26,331
Zamora;49272;12,374
Zamora;49273;40,005
Zamora;49275;149,367
