CP,lat,lon,CUSEC
01118,42.6512,-2.54985,0910901001
01211,42.6743,-2.722,0910901001
01427,42.84844999999999,-3.1588166666666666,0919201001
05001,40.6572,-4.6995,0501901001
05002,40.6572,-4.6995,0501901001
05003,40.6572,-4.6995,0501901001
05004,40.6572,-4.6995,0501901001
05005,40.6572,-4.6995,0501901001
05070,40.6572,-4.6995,0501901001
05071,40.6572,-4.6995,0501901001
05080,40.6572,-4.6995,0501901001
05100,40.4108,-4.7062,0516301002
05110,40.4766,-4.6436,0502201002
05111,40.4788,-4.6824,0521101001
05112,40.3983,-4.8182,0516901001
05113,40.4133,-4.7848,0504101001
05114,40.3983,-4.8182,0516901001
05115,40.35035,-4.902950000000001,0523301001
05120,40.46136,-4.81532,0516601001
05122,40.4206,-4.8913,0516901001
05123,40.40045,-4.952999999999999,0510101001
05130,40.545675,-4.916725,0523801001
05131,40.5239,-4.9867,0514801001
05132,40.40815,-5.054675,0521601001
05133,40.4305,-5.155,0521501001
05134,40.43816666666667,-5.039233333333333,0508101001
05140,40.68431666666667,-4.82,0504001001
05141,40.68788333333333,-4.9333833333333335,0506701001
05143,40.669250000000005,-5.0089500000000005,0525201001
05145,40.67594,-5.05038,0521301001
05146,40.80125,-5.0730375,0503301001
05147,40.7045,-5.11116,0508001001
05148,40.7156,-5.2096,0504401001
05149,40.7228,-4.996449999999999,0523701001
05150,40.663399999999996,-5.28285,0521801001
05151,40.65215,-5.3431750000000005,0590301001
05152,40.5844,-5.3604,0501501001
05153,40.554116666666665,-5.3552,0502501001
05154,40.55475714285715,-5.402128571428571,0526601001
05160,40.701350000000005,-4.744949999999999,0501901002
05162,40.7994,-4.7631,0502701001
05163,40.78425,-4.74175,0508701001
05164,40.8431,-4.7682,0519401001
05165,40.92225,-4.761125,0504501001
05166,40.88225,-4.7363,0521901001
05190,40.5531,-4.7734,0519501001
05191,40.571799999999996,-4.8314,0513001001
05192,40.635733333333334,-4.7852,0514101001
05193,40.7369,-4.489,0590201001
05194,40.69272,-4.60464,0501906013
05195,40.6702,-4.55985,0501906011
05196,40.6276,-4.6143,0524501001
05197,40.59733333333333,-4.7612,0501904001
05198,40.544325,-4.8530999999999995,0523901001
05200,41.0626,-4.7204,0501602001
05210,41.065,-5.0909,0509901001
05211,40.973749999999995,-4.9670000000000005,0504301001
05212,41.01768,-4.876099999999999,0500801001
05213,41.0062,-4.8599,0510901001
05214,40.924,-4.6405,0517701001
05215,41.090450000000004,-4.795975,0517801001
05216,41.0033,-4.77614,0515201001
05217,40.94972,-4.85398,0506401001
05220,41.07535,-5.00905,0511402001
05229,41.07235,-4.927525,0505601001
05230,40.6024,-4.3345,0516802001
05239,40.61033333333334,-4.2881,0518401001
05240,40.594,-4.4115,0516101001
05250,40.5008,-4.4236,0510201002
05260,40.457,-4.4644,0505702001
05267,40.5433,-4.5403,0520101001
05268,40.5427,-4.5804,0522201001
05270,40.4135,-4.501,0524101002
05278,40.411925000000004,-4.488025,0524101001
05279,40.39875,-4.481,0524101001
05280,40.7519,-4.6658,0512801001
05289,40.74163333333333,-4.598316666666666,0524301001
05290,40.88555,-4.6097,0503501001
05291,40.8092,-4.511266666666667,0511501001
05292,40.82235,-4.64205,0522901001
05294,40.60695,-4.51515,0509301001
05296,40.983575,-4.636299999999999,0507201001
05298,41.0213,-5.0422666666666665,0511701001
05299,41.1155,-4.9735,0503401001
05300,40.8712,-4.97,0506501001
05301,40.92825,-5.03125,0514201001
05309,40.870133333333335,-4.9454,0506201001
05310,40.9284,-4.9638,0507401001
05320,40.7419,-4.746,0504901001
05350,40.78925,-4.874700000000001,0522001001
05357,40.77541818181818,-4.910390909090909,0523001001
05358,40.853539999999995,-4.86074,0521001001
05369,40.8587,-5.0601,0514701001
05370,40.94965,-5.079750000000001,0507301001
05380,40.8775,-5.1097,0519801001
05400,40.217150000000004,-5.0723,0501403001
05410,40.2599,-5.0175,0513201001
05412,40.2751,-4.9822,0520701001
05413,40.269000000000005,-4.999,0522101001
05414,40.2942,-5.0094,0506601001
05415,40.2502,-5.1037,0510001001
05416,40.2662,-5.0859,0501301001
05417,40.2224,-5.14,0508901001
05418,40.164249999999996,-5.014200000000001,0501403001
05420,40.2912,-4.5838,0524002001
05427,40.2348,-4.61275,0507501001
05428,40.3247,-4.5726,0505501001
05429,40.3143,-4.52425,0515601001
05430,40.3021,-4.6372,0500201002
05440,40.318,-4.6992,0518702001
05450,40.2849,-4.765,0505401001
05460,40.2774,-4.8526,0508201001
05461,40.2962,-4.837,0512701001
05470,40.2427,-4.9118,0518201001
05480,40.1547,-5.2419,0504703001
05489,40.1705,-5.3393,0504703002
05490,40.205,-4.9355,0511001001
05491,40.1876,-4.995,0513201001
05492,40.1725,-5.166,0518901001
05500,40.4648,-5.3283,0518601001
05510,40.5084,-5.4048,0522501001
05514,40.513285714285715,-5.272257142857143,0515501001
05515,40.465199999999996,-5.3363499999999995,0518601001
05516,40.47201428571429,-5.406585714285714,0510301001
05520,40.62105714285714,-4.894714285714286,0519701001
05530,40.59466666666666,-4.902066666666666,0513801001
05540,40.592020000000005,-4.98748,0513501001
05560,40.56578571428572,-5.082542857142857,0519101001
05571,40.51011666666667,-5.19905,0525701001
05580,40.387071428571424,-5.433928571428572,0500701001
05591,40.5765,-5.18,0526001001
05592,40.42984,-5.35726,0522801001
05593,40.410866666666664,-5.396816666666666,0501001001
05600,40.3571,-5.5237,0502101001
05610,40.4043,-5.6357,0502401001
05619,40.4216,-5.634425,0512401001
05620,40.35022,-5.56624,0505101001
05621,40.31445,-5.623066666666666,0523601001
05630,40.3451875,-5.3956,0590401001
05631,40.362833333333334,-5.30205,0526701001
05633,40.3601,-5.249,0590101001
05634,40.3578,-5.18765,0510501001
05635,40.3634,-5.14445,0516501001
05690,40.3219,-5.46508,0503701001
05691,40.34636,-5.5947000000000005,0523601001
05692,40.3962,-5.527,0511201001
05693,40.31091428571428,-5.5842857142857145,0524901001
05694,40.40505,-5.58115,0510801001
05695,40.4365,-5.466,0509701001
05696,40.40435,-5.484816666666667,0509701001
05697,40.30295,-5.5234875,0524401001
09001,42.3378,-3.7188,0905908011
09002,42.337,-3.6929,0905907005
09003,42.3429,-3.7082,0905904003
09004,42.3436,-3.6933,0905905026
09005,42.348,-3.6971,0905905005
09006,42.3558,-3.6834,0905905030
09007,42.3537,-3.6637,0905909028
09070,42.3502,-3.6753,0905909001
09071,42.3502,-3.6753,0905909001
09080,42.3502,-3.6753,0905909001
09100,42.4044,-4.2448,0921101001
09107,42.32475,-4.2273249999999996,0924701001
09108,42.480725,-4.2174125,0921101001
09109,42.361540000000005,-4.12826,0946001001
09110,42.28855,-4.13845,0909101001
09118,42.2274,-4.0086,0945601001
09119,42.24323333333333,-4.136816666666667,0945501001
09120,42.5159,-4.009,0942701001
09121,42.4376,-4.2574,0921101001
09123,42.39608333333333,-4.027916666666667,0936301001
09124,42.61557058823529,-4.0736,0917501001
09125,42.597905555555556,-3.8974611111111113,0904501001
09126,42.701800000000006,-4.0045,0904501001
09127,42.71772,-4.0869333333333335,0941501001
09128,42.4692,-4.081966666666667,0947301001
09129,42.56482222222222,-3.9149333333333334,0942701002
09130,42.34455,-3.82615,0930401001
09131,42.40941818181818,-3.8248363636363636,0990701001
09133,42.48843846153846,-3.9471923076923074,0938201001
09135,42.56168333333333,-4.206366666666667,0937301001
09136,42.63972,-4.20068,0937301001
09140,42.43492,-3.69176,0928701001
09141,42.55599375,-3.6594375,0990601001
09142,42.6876,-3.7372111111111113,0990501001
09143,42.71277142857143,-3.8382,0939501001
09144,42.7432,-3.8897399999999998,0936101001
09145,42.80036,-3.7732799999999997,0990501001
09146,42.84102307692308,-3.7352461538461537,0901401001
09150,42.49249090909091,-3.773318181818182,0990201001
09159,42.4578,-3.8111,0990201001
09191,42.407525,-3.61635,0917601001
09192,42.373560000000005,-3.5817799999999997,0907501001
09193,42.314659999999996,-3.62322,0907401001
09194,42.2569375,-3.6060499999999998,0917701001
09195,42.303020000000004,-3.7453000000000003,0945801001
09196,42.297650000000004,-3.7977499999999997,0933801001
09197,42.405950000000004,-3.7228,0990601001
09198,42.2821,-3.50255,0917701001
09199,42.34298947368421,-3.4612315789473684,0946301001
09200,42.6916,-2.9371,0921904002
09210,42.8003,-3.2749333333333333,0941201001
09211,42.73856153846154,-3.264830769230769,0941201001
09212,42.801995454545455,-3.2322136363636362,0941201001
09213,42.7990125,-3.32905,0941201001
09214,42.74345,-3.0774999999999997,0905401001
09215,42.73992,-2.7454066666666668,0910901001
09216,42.70588333333333,-2.638758333333333,0910901001
09217,42.71718333333333,-2.7133583333333333,0910901001
09218,42.6858,-2.851933333333333,0910901001
09219,42.674495,-3.040445,0934701001
09220,42.2055,-3.9874,0925001001
09221,42.5949,-4.3303,3408301001
09226,42.2034375,-3.9941625,0904101001
09227,42.29186,-4.009,0918001001
09228,42.1722,-3.9160500000000003,0910101001
09230,42.31241818181818,-3.873236363636364,0912501001
09233,42.8535,-3.8806,0901101001
09239,42.25148,-3.8414,0902301001
09240,42.5516,-3.3234,0905601003
09244,42.65852857142857,-3.273257142857143,0928301001
09245,42.596140000000005,-3.25172,0905201001
09246,42.62975384615384,-3.4246384615384615,0904301001
09247,42.540483333333334,-3.4152500000000003,0914301001
09248,42.497885714285715,-3.3069142857142855,0907601001
09249,42.637588888888885,-3.335566666666667,0904301001
09250,42.4205,-3.191,0904801001
09251,42.6401,-3.2063,0911501001
09252,42.673100000000005,-3.1883999999999997,0922001001
09253,42.6788,-3.2377,0907701001
09257,42.3878,-3.3095,0943101001
09258,42.42820714285715,-3.3054428571428573,0943101001
09259,42.42984545454545,-3.102990909090909,0904601001
09260,42.3245,-3.2017,0927401001
09267,42.3427,-3.1179,0904801002
09268,42.337149999999994,-3.2059699999999998,0930301001
09269,42.3302,-3.2918,0930301001
09270,42.47905,-3.1256500000000003,0930801001
09271,42.5485,-3.1932,0929801001
09272,42.4808,-3.1999,0904801002
09280,42.65915,-3.12025,0925101001
09285,42.6342,-3.1118,0925101001
09290,42.4145,-3.5095,0928801001
09292,42.440961538461536,-3.4206692307692306,0935101001
09293,42.65046666666667,-3.009233333333333,0921904001
09294,42.7514,-2.9307375,0900601001
09300,41.6966,-3.9291,0932101001
09310,41.8196,-3.921533333333333,0939001001
09311,41.762299999999996,-3.9048,0916801001
09312,41.8161,-4.024,0939101001
09313,41.7534,-3.9325,0901701001
09314,41.73492,-3.9867599999999994,0925601001
09315,41.616600000000005,-3.85935,0913601001
09316,41.674,-3.8674,0917001001
09317,41.6541,-3.9879,0919901001
09318,41.61273333333333,-3.9321,0913801001
09319,41.6668,-3.9412,0911701001
09320,42.1678,-3.6839,0919601001
09338,42.1202,-4.0775,0941801001
09339,42.14625,-3.79575,0946601001
09340,42.0259,-3.7584,0919401001
09341,42.0447,-3.824666666666667,0938401001
09342,42.10456666666666,-4.025066666666667,0935001001
09343,42.0768,-3.9132,0943701001
09344,41.9169,-3.9130000000000003,0943201001
09345,42.0054,-3.8714000000000004,0903201001
09346,42.0772,-3.54705,0911301001
09347,42.02717142857143,-3.6000142857142854,0927701001
09348,41.983625,-3.62705,0919401002
09349,41.93465714285714,-3.733285714285714,0910401001
09350,41.8392,-3.745725,0923901001
09351,42.18985,-3.6195500000000003,0916201001
09352,42.1685,-3.6102,0911401001
09353,41.8599,-3.5591,0935201001
09354,41.8736,-3.6197,0927001001
09360,41.9262,-3.7896,0919401002
09370,41.75463333333334,-3.7361333333333335,0901802005
09390,42.09266,-3.72248,0938601001
09391,41.6517,-3.7809,0908501001
09400,41.6704,-3.6892,0901802003
09410,41.7282,-3.428925,0911201001
09430,41.8391,-3.3475,0917401001
09440,41.8222,-3.836,0936901001
09441,41.7772,-3.8252,0936901001
09442,41.8189,-3.8432,0938001001
09443,41.71856666666667,-3.7910333333333335,0915201001
09450,41.738575,-3.591675,0916401001
09451,41.838499999999996,-3.42148,0902001001
09453,41.81733333333333,-3.5573333333333337,0940301001
09454,41.7609,-3.4025499999999997,0917401001
09460,41.5756,-3.6974,0921801001
09461,41.5284,-3.7542,0914001001
09462,41.56882,-3.7877400000000003,0922801001
09463,41.6213,-3.8306,0915501001
09471,41.612775,-3.602875,0942101001
09490,41.6953,-3.473275,0933701001
09491,41.63745,-3.548175,0942101001
09493,41.596450000000004,-3.74115,0906501001
09500,42.9294,-3.488,0920901002
09510,43.01381111111111,-3.2719444444444448,0990801001
09511,42.95375,-3.133672222222222,0990801001
09512,42.96337777777778,-3.347688888888889,0920901003
09513,42.86175,-3.56135,0990201001
09514,42.996308,-3.44216,0920901003
09515,42.873304545454545,-3.4476727272727272,0920901003
09530,42.7345,-3.415,0923801001
09540,42.79805,-3.4051,0939401001
09549,42.85723636363636,-3.3393727272727274,0921301001
09550,42.9374,-3.573,0990301001
09551,42.812375,-3.6713750000000003,0901401001
09553,42.97412,-3.53566,0990301003
09554,42.9034,-3.5606500000000003,0990301003
09555,42.9769,-3.5703400000000003,0990301003
09556,42.95381666666666,-3.5972666666666666,0990301003
09557,42.97374615384615,-3.6600769230769234,0921501001
09558,42.899499999999996,-3.6834307692307693,0940901001
09559,42.799057142857144,-3.567052380952381,0921701001
09560,43.0775,-3.5536,0912401001
09566,43.063457142857146,-3.5656571428571424,0912401001
09567,43.06635,-3.58055,0912401001
09568,43.03685294117647,-3.6307529411764707,0921501001
09569,43.06506875,-3.49075625,0921401001
09570,42.9897,-3.9508,0902501001
09571,42.964822222222224,-3.9080444444444447,0941301001
09572,42.93754137931034,-3.7870344827586204,0901101001
09573,43.02496666666667,-3.797633333333333,0921601001
09574,43.0068875,-3.7425625,0921601001
09580,43.1002,-3.2825,0941001001
09585,43.11078666666666,-3.2344133333333334,0941003001
09586,43.1546,-3.2707,0941003001
09587,43.11136666666667,-3.341241666666667,0941002001
09588,43.08824,-3.185513333333333,0941003001
09589,43.07776666666667,-3.3092238095238096,0941002001
09591,42.47967,-3.6198099999999998,0990601001
09592,42.586557142857146,-3.5155571428571433,0907101001
09593,42.7276947368421,-3.465457894736842,0932901001
09594,42.9053,-3.4206,0921301001
09600,42.0224,-3.2863,0933001001
09610,41.92874285714286,-3.461171428571429,0935801001
09611,41.9787,-3.3215000000000003,0945001001
09612,41.92526,-3.29636,0926801001
09613,42.04911111111111,-3.303977777777778,0922301001
09614,42.113350000000004,-3.1541,0941401001
09615,42.12202,-3.20292,0922601001
09616,41.9523,-3.5358,0937801001
09617,41.9735,-3.4814,0935601001
09618,42.0201,-3.2975,0933001001
09619,41.8537,-3.2265,0916301001
09620,42.24685,-3.67399,0933201001
09640,42.12660666666667,-3.4037333333333333,0943001001
09641,42.1301,-3.5684,0911901001
09642,42.13833333333333,-3.513033333333333,0920001001
09645,42.1667,-3.5169,0938801001
09646,42.1392,-3.4369,0919101001
09647,42.174,-3.5341,0931401001
09649,42.2014,-3.4389000000000003,0924801001
09650,42.109700000000004,-3.4158999999999997,0906601001
09651,42.1234,-3.4455,0919101001
09652,42.3805,-3.9335,0944901001
09653,42.3616,-3.9305,0918101001
09654,42.3932,-3.8957,0918101001
09660,41.8705,-3.1761,0930201001
09670,41.9829,-3.0377,0928901002
09679,42.0605,-2.9972,0923201001
09680,41.9639,-3.1279,0924601001
09690,41.9503,-3.078,0942501001
09691,41.9706,-3.2172,0908401001
09692,41.9367,-3.0409,0906701001
09693,41.9562,-2.9884,0930901001
24001,42.6,-5.5703,2408904007
24002,42.6,-5.5703,2408904007
24003,42.6,-5.5703,2408904007
24004,42.6,-5.5703,2408904007
24005,42.6,-5.5703,2408904007
24006,42.6,-5.5703,2408904007
24007,42.6,-5.5703,2408904007
24008,42.6,-5.5703,2408904007
24009,42.57904,-5.58816,2408909001
24010,42.6,-5.5703,2408904007
24070,42.6,-5.5703,2408904007
24071,42.6,-5.5703,2408904007
24080,42.6,-5.5703,2408904007
24100,42.9396,-6.3201,2420201002
24110,42.9524,-6.3701,2420203001
24111,42.9499,-6.397,2420202001
24112,42.9417,-6.3325,2420201003
24113,42.9694,-6.3545,2420201005
24114,42.95329999999999,-6.363600000000001,2420203001
24120,42.78735,-5.80985,2416701001
24121,42.649100000000004,-5.629533333333334,2416301004
24122,42.6705,-5.6332,2406101001
24123,42.798457142857146,-5.7584,2404001001
24124,42.767925,-5.845175,2415801001
24125,42.76056666666667,-5.894566666666666,2416701001
24126,42.78406666666666,-5.909700000000001,2413201001
24127,42.765919999999994,-5.979416,2413201001
24130,42.85039999999999,-6.2014499999999995,2410101001
24131,42.782,-5.9990000000000006,2413201001
24132,42.81002,-6.03343,2413201001
24133,42.796416666666666,-6.140033333333334,2413201001
24134,42.82613333333333,-6.109166666666667,2410101001
24135,42.8195,-6.1379,2410101001
24136,42.856233333333336,-6.157766666666667,2410101001
24137,42.8943,-6.208,2410101001
24138,42.917,-6.2463,2420202002
24139,42.9412,-6.288266666666668,2420203001
24140,42.964150000000004,-6.25445,2420203001
24141,42.986642857142854,-6.206228571428572,2402901001
24142,42.94758,-6.149559999999999,2402901001
24143,42.96134285714286,-6.097157142857143,2414501001
24144,42.987100000000005,-6.007636363636364,2414501001
24145,42.86452,-5.968,2413201001
24146,42.92295,-5.8772,2416401001
24148,42.8594,-5.8983,2401201001
24149,42.83,-5.823425,2401201001
24150,42.708325,-5.369125,2415101001
24151,42.7369,-5.4075,2415101001
24152,42.81053333333333,-5.3358,2419901001
24153,42.6924,-5.4135333333333335,2420101001
24154,42.6478,-5.373833333333333,2420101001
24155,42.6422,-5.41648,2420101001
24156,42.59526666666667,-5.437666666666668,2417501001
24160,42.643950000000004,-5.24325,2407901001
24161,42.645916666666665,-5.188766666666667,2407901001
24162,42.5515,-5.4277,2422501001
24163,42.573775,-5.40465,2422501001
24164,42.57785,-5.36325,2407901001
24165,42.615480000000005,-5.32732,2407901001
24166,42.588175,-5.283275,2407901001
24170,42.68474,-5.01178,2400401001
24171,42.60015,-5.038075,2400401001
24172,42.51022,-5.0222999999999995,2421501001
24174,42.4624,-5.0122,2405101001
24175,42.41915,-5.03795,2421501001
24191,42.61095,-5.59505,2414201003
24192,42.5563,-5.580500000000001,2408909002
24193,42.645849999999996,-5.55875,2422201001
24195,42.6213875,-5.50775,2417501001
24196,42.6558,-5.607,2416301003
24197,42.65224,-5.52428,2422202001
24198,42.5806,-5.6411,2418901003
24199,42.539474999999996,-5.543825,2422701001
24200,42.2937,-5.5172,2418801001
24205,42.3165,-5.5334,2418801003
24206,42.21268333333333,-5.444366666666667,2417801001
24207,42.260575,-5.403275,2409901001
24208,42.3173,-5.4271,2410701001
24209,42.362225,-5.42815,2408101001
24210,42.4989,-5.4174,2409401001
24217,42.50011666666666,-5.458200000000001,2421801001
24218,42.52883333333333,-5.337,2409401001
24219,42.529,-5.3857333333333335,2422501001
24220,42.0761,-5.4232,2418101001
24221,42.1422,-5.4928,2403201001
24222,42.19735,-5.54155,2490201001
24223,42.3497,-5.5029,2407301001
24224,42.38856,-5.51,2410701001
24225,42.42445,-5.4856750000000005,2421801001
24226,42.522040000000004,-5.489369999999999,2422701001
24227,42.56668,-5.49336,2417501001
24228,42.601914285714294,-5.474714285714286,2417501001
24230,42.4197,-5.618,2418701001
24231,42.50506666666667,-5.583633333333334,2410501001
24232,42.44616666666667,-5.595033333333333,2400601001
24233,42.3879,-5.574333333333333,2421201001
24234,42.27847777777778,-5.627033333333333,2421201001
24235,42.1451,-5.5973,2422101001
24236,42.1215,-5.5704,2422101001
24237,42.26583333333333,-5.565633333333333,2420701001
24238,42.19683333333333,-5.5821000000000005,2421101001
24239,42.097033333333336,-5.5991,2405401001
24240,42.3551,-5.7515,2415701002
24248,42.38281428571429,-5.779857142857144,2402601001
24249,42.303025,-5.711275,2411301001
24250,42.4225,-5.669375,2406501002
24251,42.481375,-5.62565,2410501001
24252,42.3968,-5.727525,2415001001
24253,42.30785,-5.8309,2417601001
24257,42.8871,-5.3053,2402101001
24260,42.4329,-5.6139,2418701001
24270,42.58215,-5.8227,2403901001
24271,42.638075,-5.835375,2409201001
24272,42.59993333333333,-5.803033333333334,2405501001
24273,42.67227142857143,-5.841157142857143,2410401001
24274,42.6973,-5.8149,2413301001
24275,42.7438,-5.787299999999999,2413301001
24276,42.722366666666666,-5.821933333333334,2415801001
24277,42.736799999999995,-5.848766666666666,2415801001
24280,42.5044,-5.8944,2401501001
24281,42.5172,-5.940333333333332,2401501002
24282,42.599900000000005,-5.675050000000001,2418901001
24283,42.5623,-5.8455,2403901002
24284,42.5529,-5.863,2417301001
24285,42.55376,-5.899900000000001,2412301001
24286,42.4635,-5.8864,2408201001
24287,42.48213333333333,-5.9014999999999995,2401501001
24288,42.45905,-5.9287,2422401001
24290,42.343900000000005,-5.3046500000000005,2415301001
24291,42.350675,-5.38365,2409701001
24292,42.3046,-5.2999,2419001001
24293,42.23266666666667,-5.279966666666667,2408401001
24294,42.135,-5.4018,2407801001
24300,42.6147,-6.4186,2401401002
24310,42.627300000000005,-6.3435500000000005,2407101001
24311,42.6469,-6.3204,2407101001
24312,42.70635,-6.2864,2408301001
24313,42.77353333333334,-6.336533333333333,2408301001
24314,42.595400000000005,-6.460133333333334,2404901001
24315,42.645516666666666,-6.379383333333333,2401401006
24316,42.588766666666665,-6.4172666666666665,2404901001
24317,42.6595,-6.3839,2407101001
24318,42.643033333333335,-6.440666666666666,2401401006
24319,42.68212857142857,-6.384328571428571,2408301001
24320,42.3708,-5.0294,2413901002
24323,42.347100000000005,-5.1582,2419001001
24324,42.3161,-5.18706,2408601001
24325,42.36545,-5.15095,2407701001
24326,42.41036666666667,-4.968533333333333,2413901001
24327,42.54938,-4.95302,2422901001
24328,42.493075,-4.969,2405101001
24329,42.2919,-5.062633333333333,2413901002
24330,42.4457,-5.3797,2416001001
24339,42.43244,-5.36434,2421701001
24340,42.3207,-5.0194,2408001001
24341,42.3134,-4.9657,2406901001
24342,42.39435,-5.06585,2403101001
24343,42.439033333333334,-5.15945,2402401001
24344,42.5284125,-5.0909375,2415601001
24345,42.4499,-5.3076,2416001001
24346,42.492599999999996,-5.541600000000001,2419701001
24347,42.520833333333336,-5.5502666666666665,2410501001
24350,42.4371,-5.8851,2422301002
24356,42.4242,-5.865233333333333,2422801001
24357,42.442049999999995,-5.8184000000000005,2402601001
24358,42.40866666666667,-5.8873999999999995,2414401001
24360,42.6361,-6.2056,2421001001
24367,42.6341,-6.1618,2421001001
24368,42.6715,-6.127879999999999,2421001001
24369,42.59956666666667,-6.187966666666667,2421001001
24370,42.6077,-6.3667,2417001002
24374,42.64383333333333,-6.2703999999999995,2417001001
24375,42.70135,-6.235799999999999,2408301001
24376,42.7272,-6.1529,2408301001
24377,42.7262,-6.2103,2408301001
24378,42.574600000000004,-6.33125,2417001001
24379,42.586125,-6.282775,2421001001
24380,42.4117,-6.8208,2412201001
24384,42.4361,-6.8163,2412201001
24385,42.3995,-6.8016,2412201001
24386,42.4279,-6.77435,2412201001
24387,42.4156,-6.7392,2412201001
24388,42.38138333333333,-6.664549999999999,2401601001
24389,42.411625,-6.722625,2401601001
24390,42.52576666666667,-6.698566666666667,2411503007
24391,42.547354545454546,-5.655227272727273,2418901001
24392,42.50788333333333,-5.736433333333333,2406501002
24393,42.50082857142858,-5.836914285714286,2402601001
24394,42.40975,-5.9717,2418201001
24395,42.42416666666667,-6.0177000000000005,2418201001
24396,42.54774,-6.0847,2409301001
24397,42.654184615384615,-6.029461538461538,2412301001
24398,42.588,-6.492133333333332,2405701001
24400,42.5466,-6.5962,2411502002
24401,42.5463,-6.5878,2411501005
24402,42.5485,-6.5987,2411502007
24403,42.5438,-6.6022,2411502008
24404,42.5528,-6.609,2411502015
24410,42.59478333333333,-6.67165,2403401003
24411,42.5726,-6.6416,2411505007
24412,42.61305,-6.6332,2402701001
24413,42.529066666666665,-6.4725166666666665,2410001001
24414,42.48437,-6.506740000000001,2411506001
24415,42.48356923076923,-6.585646153846154,2411506001
24416,42.5588,-6.5782,2411501006
24420,42.7685,-6.625,2407001002
24428,42.77615,-6.6107,2407001003
24429,42.854644444444446,-6.637377777777777,2407001003
24430,42.7254,-6.6544,2419601001
24433,42.82441818181818,-6.729027272727273,2403601001
24434,42.754333333333335,-6.6629000000000005,2407001001
24435,42.7175,-6.6929,2419601002
24436,42.71853333333333,-6.720199999999999,2419601002
24437,42.769975,-6.717625,2419601002
24438,42.72602,-6.576420000000001,2401901001
24439,42.7001,-6.6414,2414301001
24440,42.4933,-6.7888,2404101001
24441,42.50506,-6.80618,2404101001
24442,42.4741,-6.7661999999999995,2404101001
24443,42.50435,-6.7211,2403801002
24444,42.469433333333335,-6.730133333333334,2402201001
24445,42.5,-6.6833,2411901001
24446,42.48195,-6.6987000000000005,2411901001
24447,42.4936,-6.7379,2402201001
24448,42.51293333333333,-6.6515666666666675,2411504002
24450,42.6985,-6.5118,2416901001
24457,42.74295,-6.4856,2416901002
24458,42.71745,-6.44735,2410201001
24459,42.664649999999995,-6.5375499999999995,2416901002
24460,42.7568,-6.5183,2411001001
24469,42.75366666666667,-6.520066666666668,2416901003
24470,42.8206,-6.4875,2411001001
24478,42.809200000000004,-6.56345,2411001001
24479,42.8055,-6.4,2411001001
24480,42.8256,-6.5055,2410901001
24488,42.8458,-6.5441,2411001001
24489,42.8399,-6.4998,2410901001
24490,42.5751,-6.612,2411505003
24491,42.5859,-6.5992,2411505005
24492,42.64601666666667,-6.5698333333333325,2406401001
24493,42.665,-6.501,2416901002
24494,42.781,-6.5133,2411001001
24495,42.852875,-6.390275,2410901001
24496,42.894099999999995,-6.39055,2410901001
24497,42.9161,-6.3866,2410901001
24498,42.7471,-6.4874,2416901002
24500,42.606,-6.8107,2420901002
24510,42.6828,-6.8146,2420901002
24511,42.7542,-6.8283,2420901002
24512,42.6766,-6.76015,2420901002
24513,42.6271,-6.80775,2420901002
24514,42.579,-6.8192,2405901001
24515,42.5756,-6.8767,2405901001
24516,42.5761,-6.790425,2420901002
24517,42.5966,-6.872033333333333,2405901001
24520,42.675783333333335,-6.951866666666667,2419801001
24521,42.612941176470585,-6.976764705882353,2401101001
24522,42.6261,-6.8442,2417101001
24523,42.63771111111111,-6.886688888888888,2417101001
24524,42.659,-6.923733333333334,2419801001
24525,42.71228823529412,-6.923411764705882,2400901001
24526,42.68391538461538,-7.0069307692307685,2419801001
24530,42.588,-6.761266666666667,2420901002
24540,42.5986,-6.7245,2403001001
24544,42.5719,-6.728,2403801001
24545,42.641549999999995,-6.662100000000001,2400701001
24546,42.651783333333334,-6.695516666666666,2400701001
24547,42.6184,-6.749525,2403001004
24548,42.63315,-6.73015,2403001003
24549,42.5561,-6.7312,2403801001
24550,42.5857,-6.740933333333333,2420601001
24560,42.5431,-6.7771,2420601001
24565,42.5367,-6.7522,2403801002
24566,42.551899999999996,-6.9925250000000005,2410301001
24567,42.528800000000004,-6.865900000000001,2416501001
24568,42.5339,-7.008400000000001,2410301001
24569,42.52858888888889,-6.875322222222222,2416501001
24600,42.8566,-5.6677,2411401001
24607,42.8707,-5.6616,2411401001
24608,42.88476666666667,-5.717983333333333,2411401001
24609,42.83778,-5.6292,2411401003
24610,42.6891,-5.6398,2406101001
24620,42.724266666666665,-5.647533333333333,2406101001
24630,42.75595,-5.636699999999999,2406101001
24640,42.8026,-5.6283,2413401001
24648,42.8181,-5.561719999999999,2413401002
24649,42.80694,-5.65872,2413401002
24650,42.8758,-5.6356,2411401003
24660,42.885,-5.6369,2411401002
24670,42.903400000000005,-5.64845,2411401002
24680,42.9386,-5.6567,2490101001
24687,42.95,-5.6833,2490101001
24688,42.94334,-5.75366,2490101001
24689,42.9612,-5.6482,2490101001
24690,42.9833,-5.7,2490101001
24699,43.0054,-5.689933333333333,2490101001
24700,42.4567,-6.0566,2400801002
24710,42.4636,-6.0202,2414801001
24711,42.544775,-6.02935,2421401001
24712,42.53816666666666,-6.033833333333334,2421401001
24713,42.4797,-6.1166,2402301001
24714,42.492266666666666,-6.106633333333334,2402301001
24715,42.534425,-6.167199999999999,2402301001
24716,42.4969,-6.1572,2402301001
24717,42.394625,-6.1972249999999995,2418501001
24718,42.461439999999996,-6.13696,2400802002
24719,42.501666666666665,-6.0623000000000005,2421901001
24720,42.43913333333333,-6.192633333333333,2415201001
24721,42.3293,-6.173959999999999,2409101001
24722,42.47364615384615,-6.2748923076923075,2415201001
24723,42.39503333333334,-6.327133333333333,2409001001
24724,42.411,-6.387825,2409001001
24730,42.323899999999995,-6.0502400000000005,2421601001
24731,42.422,-6.0854333333333335,2416101001
24732,42.37173333333333,-6.056333333333334,2418201001
24733,42.2647,-6.12385,2412501001
24734,42.1907,-6.113433333333333,2404701001
24735,42.183,-6.1901,2404701001
24736,42.2083,-6.2475,2404701001
24738,42.25208,-6.3533,2417201001
24740,42.265049999999995,-6.4431,2417201001
24741,42.2624,-6.502000000000001,2417201001
24742,42.344,-6.5687999999999995,2404301001
24743,42.28073333333333,-6.5645999999999995,2406701001
24744,42.31356,-6.526680000000001,2404301001
24745,42.26923333333333,-6.592033333333333,2406701001
24746,42.27073333333333,-6.642433333333334,2406701001
24750,42.2982,-5.9015,2401001002
24760,42.18612,-5.99084,2404601001
24761,42.2888,-5.9354,2410801001
24762,42.233866666666664,-5.8648,2412401001
24763,42.32073333333333,-5.866783333333333,2416601001
24764,42.325466666666664,-5.922899999999999,2416601001
24765,42.32164,-5.98842,2413101001
24766,42.34546666666667,-6.0122,2416101001
24767,42.26232,-6.00468,2412501001
24768,42.3468,-5.886760000000001,2416601001
24769,42.25813333333333,-5.838933333333333,2405301001
24790,42.2769,-5.8461,2412701001
24791,42.2446,-5.793200000000001,2413601001
24792,42.180725,-5.8316,2412401001
24793,42.39355,-6.0119,2418201001
24794,42.38426666666667,-5.976366666666666,2413101001
24795,42.383157142857144,-5.9317142857142855,2415501001
24796,42.176671428571424,-5.702385714285714,2411701001
24797,42.1303,-5.729,2414101001
24800,42.8035,-5.1269,2405601001
24810,42.8349,-5.1468,2413701001
24811,42.8303,-5.1803,2413701001
24812,42.8347,-5.1644,2413701001
24813,42.8457,-5.097733333333333,2405601001
24814,42.8026,-5.1321,2405601002
24815,42.736325,-5.16025,2405601002
24816,42.790549999999996,-5.0927,2405601002
24820,42.78876666666667,-5.504733333333333,2409801001
24830,42.8656,-5.5203,2409801001
24836,42.884171428571435,-5.5522285714285715,2419401001
24837,42.932916666666664,-5.520791666666667,2403701001
24838,42.976099999999995,-5.567642857142857,2403701001
24839,42.8429,-5.509600000000001,2409801001
24840,42.8485,-5.4064,2419301001
24843,42.970499999999994,-5.439566666666667,2417701001
24844,43.00536666666667,-5.4211,2417701001
24845,42.96215,-5.382975,2417701001
24846,42.91956666666667,-5.431699999999999,2417701001
24847,42.8642,-5.398425,2417901001
24848,42.79102,-5.41086,2415101001
24849,42.867333333333335,-5.4421333333333335,2417901001
24850,42.8671,-5.321,2402101001
24852,42.8654,-5.3348,2402101001
24853,42.9084,-5.331666666666666,2402101001
24854,42.95206666666667,-5.323799999999999,2402101001
24855,43.032475,-5.30635,2412101001
24856,42.9447,-5.1985,2412901001
24857,42.989875,-5.247875,2402101001
24858,42.841680000000004,-5.25592,2402101001
24859,42.870799999999996,-5.268866666666667,2402101001
24860,42.8348,-5.303733333333334,2419901001
24869,42.8365,-5.3405000000000005,2419901001
24870,42.813966666666666,-5.2185999999999995,2406801001
24877,42.812580000000004,-5.293699999999999,2406801001
24878,42.7629,-5.228175,2406801001
24879,42.8056,-5.1915000000000004,2406801001
24880,42.7864,-4.9735,2418301001
24882,42.812325,-4.947525,2418301001
24883,42.8758,-4.9198,2418301001
24884,42.845299999999995,-4.9591,2418301001
24885,42.901266666666665,-4.951333333333333,2412001001
24886,42.862500000000004,-5.0357666666666665,2418301001
24887,42.82425,-5.0075,2418301001
24888,42.7314,-5.001716666666667,2400401001
24889,42.77926666666667,-4.9237,2418301001
24890,42.692483333333335,-5.5361,2407601001
24891,42.73205,-5.52095,2407601001
24892,42.73084,-5.0341000000000005,2405201001
24893,42.7749,-5.0211,2405201001
24900,42.9755,-5.0047,2413001001
24911,42.9462,-4.887033333333334,2402001001
24912,43.0543,-4.8003,2402001001
24913,42.999875,-4.888025,2402001001
24914,43.14345,-4.9361999999999995,2411601001
24915,43.16195,-4.907266666666667,2411601001
24916,43.14018,-5.04416,2410601001
24917,43.05755,-4.9962,2402501001
24918,42.944500000000005,-5.03115,2413001001
24920,42.5517,-5.2974,2418001001
24930,42.58325,-5.242366666666666,2418001001
24940,42.68233333333333,-5.166433333333333,2406301001
24950,42.7639,-5.1403,2405601002
24960,42.853766666666665,-5.131966666666666,2406001001
24970,42.873999999999995,-5.17015,2406001001
24980,42.90805,-5.1587499999999995,2406001001
24989,42.8988,-5.1319,2406001001
24990,42.92475,-5.081250000000001,2406001001
24991,42.957975000000005,-5.143525,2406001001
24994,43.02475,-5.06345,2402501001
24995,43.04705,-5.09525,2402501001
24996,43.05086666666667,-5.1436,2400101001
26127,42.0892,-2.7541,4212101001
26212,42.6029,-2.9374,0921904002
34001,42.0106,-4.5327,3412001001
34002,42.0058,-4.5281,3412005002
34003,42.0205,-4.5321,3412006006
34004,41.9998,-4.5196,3412007020
34005,42.0125,-4.5405,3412004006
34006,42.0096,-4.5241,3412005013
34070,42.0096,-4.5241,3412005013
34071,42.0096,-4.5241,3412005013
34080,42.0096,-4.5241,3412005013
34100,42.5229,-4.7365,3415701002
34110,42.645,-4.8079,3412901001
34111,42.56975714285714,-4.790228571428571,3421801001
34112,42.527366666666666,-4.825783333333333,3416901001
34113,42.431000000000004,-4.78225,3423101001
34114,42.48418,-4.66978,3414301001
34115,42.55827,-4.6625,3419001001
34116,42.45301666666666,-4.75695,3423101001
34117,42.5762,-4.739,3415701003
34118,42.4904,-4.6034,3490301001
34120,42.3413,-4.6007,3404701001
34126,42.43986666666667,-4.707233333333334,3414701001
34127,42.40105,-4.57735,3416301001
34128,42.416700000000006,-4.6376800000000005,3417501001
34129,42.36718333333334,-4.674183333333333,3423601001
34130,42.2851,-4.5906,3424301001
34131,42.268600000000006,-4.61586,3424301001
34132,42.4128,-4.4966,3423301001
34133,42.194,-4.581,3412701001
34159,42.3932,-4.6912,3422301001
34160,42.3932,-4.6912,3422301001
34170,42.0085,-4.7066333333333334,3422001001
34190,41.952825,-4.510125,3422501004
34191,41.9348625,-4.7184124999999995,3401801001
34192,42.075050000000005,-4.59425,3423701001
34200,41.920950000000005,-4.4834499999999995,3402301001
34208,41.9676,-4.404025,3414601001
34209,41.9147,-4.4115,3408601001
34210,41.8768,-4.5457,3406901002
34218,41.8511,-4.4097,3405701001
34219,41.81902,-4.37772,3413301001
34220,41.9813,-4.4277,3409801001
34230,42.0337,-4.3199,3418201001
34239,42.0452,-4.3809000000000005,3422101001
34240,41.9377,-4.2466,3402201001
34246,41.7909,-4.0703,3405001001
34247,41.85086666666667,-4.1939,3408201001
34248,41.98056666666667,-4.025533333333333,3406001001
34249,41.98073333333333,-4.267233333333333,3408701001
34250,42.0847,-4.2065,3414101001
34257,42.07875,-4.120125,3417801001
34259,42.065783333333336,-4.239016666666667,3408401001
34260,42.1634,-4.123075,0931601001
34261,42.1551,-4.2592,3421301001
34300,42.1537,-4.6919,3412301001
34304,41.96355,-4.9729,3404801001
34305,41.984971428571434,-4.846642857142856,3404501001
34306,42.1464,-4.8635,3410301001
34307,42.223620000000004,-4.786,3490201001
34309,42.27565,-4.7465375,3405501001
34310,42.14968571428572,-4.594914285714286,3412701001
34320,42.2209,-4.8578,3405901001
34337,42.0833,-4.7833,3407601001
34338,42.07485,-4.8375,3400101001
34340,42.2506,-4.9674,3420601001
34347,42.3308375,-4.87495,3409101001
34349,42.29646,-4.945,3420601001
34350,42.0425,-4.9128,3423201001
34400,42.5949,-4.3303,3408301001
34405,42.485675,-4.284525,3408301002
34406,42.6453,-4.45278,3408301002
34407,42.594618181818184,-4.4319,3422201001
34408,42.5282,-4.4756,3422201001
34409,42.4987,-4.4521999999999995,3422201001
34410,42.116,-4.4928,3410801001
34411,42.1525,-4.5165,3415501001
34419,42.0823,-4.48092,3421701001
34420,42.173,-4.4696,3401101001
34429,42.20545,-4.521,3409901001
34430,42.2133,-4.4366,3413001001
34439,42.2133,-4.4366,3413001001
34440,42.2667,-4.4055,3407401001
34447,42.2909,-4.4910499999999995,3423001001
34449,42.296800000000005,-4.50364,3413201001
34450,42.1924,-4.294,3401701001
34460,42.4102,-4.3622,3490101001
34465,42.1458,-4.2401,3418601001
34466,42.2115,-4.2457,3424101001
34467,42.2538,-4.2539,3410401001
34468,42.3145,-4.292775000000001,3411601001
34469,42.35497142857143,-4.393142857142857,3490101001
34470,42.651325,-4.622,3403701001
34473,42.61076666666667,-4.641016666666666,3419001001
34475,42.54515,-4.5718,3420801001
34477,42.49245,-4.526575,3490301001
34478,42.45925,-4.48025,3405201001
34479,42.4202,-4.4213,3400301001
34480,42.6604,-4.3127,3400501001
34483,42.7283,-4.4222,3411401001
34484,42.8194,-4.5102,3406701001
34485,42.725611111111114,-4.464211111111111,3411401001
34486,42.70438333333333,-4.381016666666667,3411401001
34487,42.712,-4.3019,3400501001
34488,42.761919999999996,-4.425,3411401001
34490,42.2002,-4.3572999999999995,3417401001
34491,42.515825,-4.374025,3416801001
34492,42.70609375,-4.2387125,3400403001
34800,42.7945,-4.2589,3400401002
34810,42.828863636363636,-4.290354545454545,3400403001
34811,42.83426666666667,-4.184533333333333,3400403001
34813,42.77692727272727,-4.178390909090909,3400402002
34815,42.75828571428571,-4.253357142857142,3400403001
34820,42.9064,-4.2859,3402701001
34828,42.88402,-4.32778,3402701001
34829,42.899837500000004,-4.2753,3403601001
34830,42.840666666666664,-4.3585,3415801001
34839,42.87816363636364,-4.408690909090909,3405601003
34840,42.8668,-4.498,3405601002
34844,42.884525,-4.5645750000000005,3405601003
34846,42.915327272727275,-4.469109090909091,3405601003
34847,42.9701,-4.511033333333334,3490401001
34848,42.9963,-4.5308,3490401001
34849,43.0024375,-4.4713375,3490401001
34850,42.8079,-4.599,3404901001
34858,42.8076,-4.625,3404901001
34859,42.81356666666667,-4.594483333333334,3404901001
34869,42.83141666666666,-4.647983333333333,3417101001
34870,42.7872,-4.70785,3417101001
34878,42.73702222222222,-4.677722222222222,3415101001
34879,42.786,-4.7401,3417101001
34880,42.7896,-4.8472,3408002002
34882,42.7158,-4.6337,3406201001
34886,42.8261,-4.8463,3419901001
34887,42.9273,-4.671633333333333,3418501001
34888,42.91508,-4.75884,3419901001
34889,42.727775,-4.849525,3407301001
37001,40.9639,-5.6606,3727401009
37002,40.9665,-5.665,3727401001
37003,40.9668,-5.6482,3727402016
37004,40.9746,-5.652,3727405018
37005,40.9742,-5.6597,3727405017
37006,40.9766,-5.6729,3727404019
37007,40.9688,-5.6716,3727404006
37008,40.9475,-5.6822,3727403017
37009,40.9688,-5.6639,3727401004
37071,40.9688,-5.6639,3727401004
37080,40.9688,-5.6639,3727401004
37100,41.0881,-6.0015,3717001001
37110,41.135666666666665,-5.828566666666667,3737901001
37111,41.1516,-5.902575,3703001001
37114,41.04965714285714,-6.104971428571429,3736901001
37115,41.06465714285714,-5.838585714285714,3734201001
37116,41.1206,-5.979991666666667,3717001001
37120,40.9474,-5.7628,3711701001
37129,40.9754,-5.763077777777777,3708701001
37130,40.969471428571424,-5.987721428571429,3707901001
37139,41.1394,-6.1969,3737001001
37140,41.1136,-6.1021,3737001001
37147,41.0322,-6.2228,3736001001
37148,41.064033333333334,-6.219483333333334,3712601001
37149,41.1243,-6.1508,3732901001
37150,41.150999999999996,-6.1906,3737001001
37159,41.1132,-6.25548,3726201001
37160,41.271,-6.4685,3736401001
37170,41.00718666666667,-5.84786,3734501001
37171,41.18055,-6.2576,3718001001
37172,41.2137,-6.271,3730101001
37173,41.195499999999996,-6.38295,3732801001
37174,41.2155,-6.4373,3736401001
37175,41.2395,-6.5235,3725001001
37176,41.2295,-6.34065,3702801001
37181,40.9549125,-5.559,3706901001
37183,40.82901818181818,-5.7204,3720901001
37184,41.0083,-5.648799999999999,3736201001
37185,41.02073333333333,-5.725633333333334,3735401003
37186,40.8413,-5.585616666666667,3723601001
37187,40.89651428571428,-5.6984,3719201001
37188,40.9331,-5.6503,3708501002
37189,41.0193,-5.6711,3736201002
37190,40.9424,-5.6005,3724001001
37191,40.9067,-5.592,3707001001
37192,40.9424,-5.600500000000001,3724001001
37193,40.97696,-5.61206,3706701002
37197,40.9424,-5.6005,3724001001
37198,40.9424,-5.6005,3724001001
37200,40.8016,-6.2585,3713501001
37207,40.8252,-6.2139,3705901001
37208,40.79005,-6.1742,3728901001
37209,40.87213333333333,-6.2314333333333325,3705901001
37210,41.0097,-6.4334,3737601002
37214,41.15356,-6.52252,3734001001
37216,40.9709,-6.3335625,3724801001
37217,41.094858333333335,-6.400925,3728001001
37219,40.983825,-6.501775,3715401001
37220,41.0073,-6.4945,3715401001
37230,40.9867,-6.7953,3716001001
37240,40.9358,-6.7192,3717301001
37246,40.9171,-6.7976,3731101001
37247,40.9083,-6.7491,3726601001
37248,40.8723,-6.747,3700301001
37250,41.12655,-6.52035,3701401001
37251,41.2096,-6.59835,3701401001
37253,41.1463,-6.640533333333334,3738101001
37254,41.1625,-6.6893,3719001001
37255,41.0725,-6.6646,3704401001
37256,41.04623333333333,-6.562083333333334,3712301001
37257,41.0476,-6.75315,3730201001
37258,41.0411,-6.577249999999999,3720801001
37259,41.0209,-6.6394,3727501001
37260,40.8757,-6.4679,3737301001
37267,40.8784,-6.42485,3736301001
37269,40.8775,-6.4392,3737301001
37270,40.8495,-6.708,3728501001
37271,40.8482,-6.6131,3703901001
37281,40.8872,-6.3664,3725701001
37290,40.81585,-6.3058,3705201001
37291,40.938675,-6.590425,3713701001
37292,40.8797,-6.6236,3722301001
37300,40.9011,-5.2003,3724601002
37310,40.8304,-5.2856,3717401001
37311,40.8013,-5.2807,3729601001
37312,40.7488,-5.2874,3700701001
37313,40.7626,-5.2319,3717801001
37314,40.8011,-5.2189,3727601001
37315,40.8397,-5.1993,3717901001
37316,40.8572,-5.2103,3705701001
37317,40.96326666666667,-5.232600000000001,3702201001
37318,40.9903,-5.1411,3723201001
37319,40.9037,-5.1631,3708301001
37320,40.9537,-5.2882,3735801001
37329,40.91916666666666,-5.3557,3734801001
37330,40.9766,-5.4262,3703801001
37336,40.9681,-5.4675,3716401001
37337,40.9604,-5.41065,3720601001
37338,41.0083,-5.3943,3737501001
37339,40.9938,-5.3744,3737401001
37340,41.000600000000006,-5.50065,3702001001
37350,40.9815,-5.551,3701601001
37400,41.125,-5.1835,3708101001
37405,41.0529,-5.3309,3708201001
37406,41.05073333333333,-5.086533333333334,3735101001
37408,41.0145,-5.1966,3738201001
37409,41.1721,-5.2501,3731701001
37410,41.0807,-5.399,3723901001
37418,41.047,-5.3857,3703101001
37419,41.12755,-5.43075,3712801001
37420,41.0428,-5.536,3715201001
37426,41.09315,-5.5967,3722201001
37427,41.06855,-5.55805,3723801001
37428,41.0856,-5.49266,3722501001
37429,41.1189,-5.552933333333333,3731801001
37430,41.0075,-5.5847,3720701001
37439,41.0242,-5.604175,3727801001
37440,40.90181666666667,-5.878933333333333,3704001001
37446,40.8002,-5.9758,3735301001
37447,40.9623,-5.9175,3727101001
37448,40.923775,-5.932425,3707901001
37449,40.942099999999996,-5.836791666666667,3714201001
37450,40.8337,-5.91225,3718701001
37451,40.7638,-5.9991,3708801001
37452,40.72607142857144,-5.893228571428572,3721101001
37453,40.81678571428571,-5.8549,3718701001
37454,40.7153,-5.8318,3734601001
37455,40.7652,-5.8809,3734401001
37456,40.787220000000005,-5.8981,3734401001
37458,40.6757,-5.73,3723701001
37460,40.882333333333335,-6.062493333333333,3728301001
37465,41.01473333333333,-6.112933333333333,3737001001
37466,40.7429,-6.025,3728101001
37467,40.9244,-6.0889,3714901001
37468,40.97623333333333,-6.133299999999999,3729301001
37470,40.7058,-6.4003,3727901001
37478,40.67263333333333,-6.3333,3700901001
37479,40.7398,-6.5082,3709601001
37480,40.591,-6.8114,3714001001
37481,40.591,-6.8114,3714001001
37488,40.74768571428571,-6.758828571428571,3701501001
37490,41.0531,-5.4776,3725401001
37491,40.9044,-5.9603,3707901001
37492,40.7653,-6.3309,3718301001
37493,40.838325,-6.19475,3705901001
37494,40.7582,-6.27485,3718301001
37495,40.8014,-6.3595500000000005,3726701001
37496,40.71454,-6.33702,3709701001
37497,40.64325,-6.69619,3714501001
37500,40.601975,-6.53885,3710702008
37510,40.438785714285714,-6.472428571428572,3700201001
37515,40.4991,-6.5305,3711901001
37516,40.4586,-6.5207,3715701001
37520,40.4879,-6.5752,3705401001
37521,40.3846,-6.6063,3726901001
37522,40.3379,-6.639,3737101001
37523,40.3207,-6.6695,3724501001
37524,40.2868,-6.7271,3723401001
37530,40.5,-6.357,3730701001
37531,40.5213,-6.3601,3730601001
37532,40.5038,-6.271,3719901001
37540,40.4286,-6.6756,3713601001
37541,40.3811,-6.756,3709101001
37542,40.2968,-6.8197,3722101001
37550,40.5095,-6.6871,3707401001
37551,40.4849,-6.6927,3716601001
37552,40.4552,-6.7033,3725801001
37553,40.4473,-6.7462,3725801001
37554,40.4725,-6.8278,3700601001
37555,40.413,-6.8148,3701101001
37589,40.6245,-6.3545,3732101001
37590,40.6032,-6.2751,3720401001
37591,40.5107,-6.4336,3737801001
37592,40.68365,-6.635149999999999,3709601001
37593,40.6742,-6.403,3710702006
37594,40.5619,-6.4994,3710703001
37595,40.6096,-6.4649,3710702003
37596,40.5619,-6.359,3730601001
37600,40.6574,-6.1063,3731601001
37606,40.6253,-6.1815,3726001001
37607,40.633093333333335,-6.006200000000001,3732001001
37608,40.6725,-6.0112,3732001001
37609,40.70624,-5.98818,3705001001
37610,40.4515,-6.0723,3715801001
37617,40.4136,-6.0949,3715801001
37618,40.4826,-6.0567,3719601001
37619,40.454750000000004,-6.0685,3717601001
37621,40.5706625,-6.105075,3706101001
37624,40.4883,-6.1102,3701001001
37630,40.74,-6.1787,3706801001
37638,40.6987,-6.1871,3730401001
37639,40.6625,-6.2433,3702601001
37640,40.7095,-6.141,3700101001
37650,40.5124,-6.0254,3730501001
37656,40.4657,-6.0402,3709801001
37657,40.4364,-6.033,3731301001
37658,40.5132,-6.00335,3714701001
37659,40.52262,-6.0864199999999995,3721401001
37660,40.4845,-5.9958,3719301001
37670,40.4946,-5.9158,3729801001
37671,40.5068,-5.9062,3728401001
37680,40.4658,-5.8329,3733101001
37682,40.4762,-5.9202,3729801001
37683,40.4687,-5.9451,3719501001
37684,40.4692,-5.8897,3711201001
37690,40.777,-6.2284,3713501001
37700,40.38903333333334,-5.743533333333333,3704603001
37710,40.3666,-5.7425,3707801001
37711,40.3996,-5.9562,3710901001
37712,40.4337,-5.9275,3725201001
37713,40.4189,-5.8485,3733201001
37714,40.4118,-5.8181,3707101001
37715,40.3792,-5.7551,3704604003
37716,40.392625,-5.74425,3721201001
37717,40.40715,-5.73415,3734301001
37718,40.3806,-5.8797,3701301001
37720,40.3388,-5.8767,3710201001
37724,40.327866666666665,-5.962033333333333,3733401001
37727,40.34635,-5.8774,3724401001
37730,40.4688,-5.72,3717101001
37740,40.4879,-5.6111,3729701001
37748,40.4904,-5.5263,3726101001
37749,40.462225000000004,-5.5089,3721801001
37750,40.5437,-5.5801,3710301001
37751,40.5363,-5.4471,3714601001
37752,40.5897,-5.5353,3731501001
37753,40.5965,-5.4925,3703501001
37754,40.5875,-5.4678,3703501001
37755,40.5929,-5.4482,3703501001
37756,40.5924,-5.6461,3715601003
37759,40.61915,-5.872075,3715901001
37760,40.5834,-5.9209,3717201001
37762,40.6173,-5.9552,3712501001
37763,40.5436,-5.9228,3728701001
37764,40.535,-5.942,3733901001
37765,40.56373333333334,-5.857166666666667,3732501001
37766,40.66741666666667,-5.778583333333334,3718901001
37767,40.59265,-5.76035,3708901001
37768,40.554550000000006,-5.7659,3713801001
37770,40.5571,-5.6717,3715601002
37773,40.5235,-5.6585,3715501001
37774,40.5308,-5.6397,3715501001
37775,40.4363,-5.7099,3713301001
37776,40.4752,-5.6786,3721301001
37777,40.4433,-5.6789,3731201001
37778,40.571,-5.6767,3715601003
37779,40.586600000000004,-5.6073,3702401001
37780,40.6866,-5.6132,3718801001
37781,40.7559,-5.6933,3720301001
37785,40.6628,-5.5401,3714301001
37786,40.7085,-5.6356,3713401001
37787,40.6499,-5.5757,3724201001
37788,40.6948,-5.72145,3723701001
37789,40.743775,-5.618425,3713401001
37790,40.5082,-5.6927,3713901001
37791,40.49046,-5.7624,3725101001
37792,40.779,-5.6961,3720301001
37793,40.419,-5.7773,3704604003
37794,40.4303,-5.76815,3728201001
37795,40.61416,-5.6688,3705101001
37796,40.885866666666665,-5.649766666666667,3720901001
37797,41.0866,-5.7022,3707301001
37798,41.06725,-5.64395,3718501001
37799,41.16083,-5.6896700000000004,3732301001
37800,40.8266,-5.5124,3700801003
37810,40.864066666666666,-5.4248666666666665,3714801001
37820,40.8835,-5.3934,3724701001
37830,40.8783,-5.3654,3710801001
37840,40.8521,-5.3528,3732401001
37850,40.8904,-5.2856,3721501001
37860,40.6396,-5.406000000000001,3716201001
37861,40.6496,-5.382,3711401001
37863,40.7283,-5.4927,3702901001
37864,40.753,-5.4807,3702901001
37865,40.7367,-5.4489,3716901001
37870,40.8191,-5.447,3702101001
37871,40.81245,-5.40055,3723601001
37873,40.8276,-5.4171,3714801001
37874,40.8455,-5.4175249999999995,3714801001
37881,40.7697,-5.4222,3733001001
37882,40.79665,-5.458475,3732201001
37890,40.8486,-5.4856,3700801003
37891,40.776399999999995,-5.562111111111111,3711801001
37892,40.756499999999996,-5.5672,3731001001
37893,40.8877,-5.503233333333333,3735201001
37894,40.9262,-5.5243,3717501001
37900,40.9507,-5.6272,3729401001
39232,42.874700000000004,-3.88575,0901101001
39250,42.78685,-4.016825,3403201001
39419,42.8007,-4.0952,3413501001
40001,40.9487,-4.1194,4019401005
40002,40.9434,-4.1188,4019403005
40003,40.9534,-4.1161,4019407001
40004,40.944,-4.1052,4019406005
40005,40.9401,-4.1126,4019405001
40006,40.9312,-4.1089,4019405006
40070,40.9481,-4.1184,4019401005
40071,40.9481,-4.1184,4019401005
40080,40.9481,-4.1184,4019401005
40100,41.0328,-4.0533,4003301001
40109,41.0328,-4.0533,4003301001
40120,40.9777,-4.2658,4009401001
40121,40.9912,-4.3089,4001701001
40122,41.048066666666664,-4.366333333333333,4018501001
40123,41.01975,-4.3865,4018501001
40130,40.953375,-4.306175,4090301001
40133,40.9789,-4.3658,4011801001
40134,40.9482,-4.42165,4018001001
40135,40.9566,-4.4844,4018501001
40136,41.01163333333333,-4.4543,4018501001
40140,40.9569,-4.2347,4021601001
40141,40.9157,-4.2677,4000101001
40142,40.875933333333336,-4.360499999999999,4011101001
40144,40.914633333333335,-4.437966666666667,4002801001
40145,40.8876,-4.472,4013501001
40146,40.8425,-4.5197,4010701001
40150,40.7796,-4.4136,4022501001
40151,40.8007,-4.3792,4010401001
40152,40.8089,-4.3361,4023301001
40153,40.874849999999995,-4.2277000000000005,4019404010
40154,40.919466666666665,-4.1658333333333335,4019404010
40160,40.98496666666667,-4.027566666666666,4020301001
40161,41.0551,-3.8248,4013901001
40162,41.07091666666667,-3.7996,4000701001
40163,41.10006666666666,-3.7581333333333333,4012301001
40164,41.12278,-3.73386,4002001001
40165,41.167500000000004,-3.68728,4016201001
40170,41.041666666666664,-3.933566666666666,4005901001
40171,41.07731666666667,-3.8791499999999997,4020601001
40172,41.13185,-3.7937,4015601001
40173,41.132600000000004,-3.849466666666667,4015601001
40174,41.178266666666666,-3.805633333333333,4022001001
40175,41.191,-3.7948,4012501001
40176,41.166716666666666,-3.76985,4015001001
40180,41.040475,-4.013425,4002601001
40181,41.077625000000005,-3.9644,4020801001
40182,41.1229,-3.963,4003401001
40183,41.1721,-3.9518,4013601001
40184,41.19933333333333,-3.885666666666667,4016501001
40185,41.138925,-3.90525,4021301001
40190,40.9984,-4.118,4003101001
40191,41.00063333333333,-4.0706,4007701001
40192,41.0746,-4.0356,4020501001
40193,40.9798,-4.0733,4007701001
40194,40.94026,-4.053839999999999,4015501002
40195,40.89,-4.11325,4019404010
40196,40.96595,-4.11705,4019407004
40197,40.9522,-4.0765,4090601001
40200,41.4016,-4.3147,4006301001
40210,41.4032,-4.2785,4006301003
40211,41.4075,-4.3606,4006301003
40212,41.4059,-4.4045,4017701001
40213,41.4045,-4.4265,4021901001
40214,41.3965,-4.4717,4012401001
40215,41.3345,-4.3697,4006302003
40216,41.339,-4.45545,4006501001
40217,41.319,-4.4494,4007801001
40218,41.281,-4.4934,4008401001
40219,41.3066,-4.5275,4022801001
40220,41.41695,-4.1419999999999995,4014901001
40230,41.3845,-4.24005,4006301003
40231,41.406,-4.2227,4006301003
40232,41.4149,-4.2151,4006301003
40233,41.4122,-4.1955,4014901001
40234,41.4496,-4.0957,4012701001
40235,41.472,-4.0564,4001301001
40236,41.487700000000004,-4.0182,4010801001
40237,41.4943,-3.9633,4017401001
40238,41.4786,-3.9525,4021501001
40239,41.5421,-3.962,4090501001
40240,41.2896,-4.3261,4009501001
40241,41.2903,-4.3471,4006302003
40242,41.3149,-4.3651,4006302003
40250,41.1457,-4.1873,4013401001
40260,41.222,-4.1749,4008601001
40270,41.1226,-4.2648,4004301001
40280,41.2149,-4.2571,4014101001
40290,41.0285,-4.1813,4017301001
40291,41.1006,-4.216749999999999,4007401001
40292,41.1857,-4.1653,4001201001
40293,41.2602,-4.1846,4023401001
40294,41.1908,-4.2091,4016001001
40295,41.2236,-4.332,4018201001
40296,41.2596,-4.294,4015901001
40297,41.3236,-4.305,4017901001
40298,41.3833,-4.186,4008101001
40299,41.2072,-4.2385,4014101001
40300,41.297,-3.7422,4019501001
40310,41.232200000000006,-3.69705,4019501001
40311,41.257933333333334,-3.6476666666666664,4019801001
40312,41.25266666666666,-3.680066666666667,4007001001
40313,41.4447,-3.84,4020201001
40314,41.45413333333334,-3.914633333333333,4021501001
40315,41.4032,-3.8350333333333335,4005101001
40317,41.32861666666667,-3.8086333333333333,4019501001
40318,41.215175,-3.748,4004901001
40320,41.2582,-3.927,4004001002
40330,41.2962,-3.9315,4008801001
40331,41.3528,-3.889275,4004401001
40332,41.390699999999995,-3.93975,4005601001
40340,41.2269,-4.1118,4000401001
40350,41.1668,-4.1227,4007301001
40351,41.1942,-4.0688,4019201001
40352,41.2976,-4.1067,4011001001
40353,41.3455,-4.1213,4010001001
40354,41.38393333333334,-4.116366666666667,4000301001
40355,41.4244,-4.0621,4008901001
40356,41.445,-4.0101,4003701001
40357,41.4425,-3.979,4009201001
40358,41.3994,-4.0428,4008701001
40359,41.376450000000006,-4.01965,4008301001
40360,41.0743,-4.1596,4004101001
40370,41.1561,-4.007,4020801001
40380,41.2612,-3.8775,4019301001
40389,41.23912,-3.8122599999999998,4018401001
40390,40.9999,-4.1743,4021401001
40391,41.0178,-4.158,4007201001
40392,41.04685,-4.1106,4003501001
40393,41.1011,-4.1126000000000005,4007501001
40394,41.1356,-4.0558,4020501001
40395,41.1929,-3.9933,4022201001
40396,41.2359,-3.9308,4003601001
40397,41.0788,-4.1254,4007501001
40400,40.72945,-4.214,4007601002
40408,40.7604,-4.3305,4014601001
40410,40.7142,-4.1917,4007602001
40419,40.7137,-4.1608,4007602003
40420,40.8602,-4.148866666666667,4011301001
40421,40.8418,-4.1772,4090101001
40422,40.8202,-4.2099,4015201001
40423,40.81046666666666,-4.2717,4022301001
40424,40.7774,-4.215,4007604001
40430,41.1279,-4.351,4003001001
40440,41.07,-4.4071,4018501001
40441,41.1215,-4.3641,4012801001
40442,41.258,-4.4174,4017601001
40443,41.3003,-4.4079,4017601001
40444,41.0967,-4.4417,4014801001
40445,41.031,-4.5192,4010601001
40446,40.9955,-4.5967,4012101001
40447,41.0809,-4.4263,4014801001
40449,41.0054,-4.42015,4018501001
40450,41.1559,-4.4875,4013801001
40460,41.16685,-4.58905,4018901001
40461,41.1142,-4.5509,4013801002
40462,41.0687,-4.54115,4001501001
40463,41.0664,-4.5998,4005801001
40464,41.0467,-4.6279,4005801001
40465,41.1121,-4.6445,4017801001
40466,41.08025,-4.66955,4012001001
40467,41.1337,-4.6503,4020101001
40468,41.1403,-4.6641,4012901001
40469,41.1162,-4.6959,4006901001
40470,41.1963,-4.4375,4014501001
40480,41.215,-4.5226,4005701002
40490,40.99635,-4.21185,4010101001
40491,41.0391,-4.2368,4002201001
40492,41.038,-4.2958,4001801001
40493,41.072,-4.2391,4023101001
40494,41.0828,-4.33525,4018501001
40495,41.1153,-4.3793,4006801001
40496,41.2215,-4.5931999999999995,4008201001
40500,41.2758,-3.4803,4017001001
40510,41.298700000000004,-3.359783333333333,4017001001
40512,41.323025,-3.301875,4017001001
40513,41.35615,-3.4194500000000003,4017101001
40514,41.373425,-3.374525,4002401001
40515,41.2783,-3.4779,4017001001
40516,41.3682,-3.4995,4007901001
40517,41.3517,-3.5534999999999997,4019601001
40518,41.36585,-3.4924666666666666,4007901001
40520,41.419,-3.3754,4002401001
40529,41.432775,-3.482975,4000501001
40530,41.31706666666667,-3.6748333333333334,4001601001
40531,41.367,-3.6845,4001601001
40532,41.39763333333333,-3.7368,4014401001
40533,41.5127,-3.7779,4001401001
40540,41.432975,-3.682625,4016101001
40541,41.51,-3.7045,4009901001
40542,41.5025,-3.6356,4013201001
40550,41.4119,-3.5883000000000003,4002901001
40551,41.43105,-3.55605,4003901001
40552,41.4581,-3.5605,4003901001
40553,41.4691,-3.5564,4003901001
40554,41.4864,-3.52215,4011501001
40555,41.462,-3.4672,4000801001
40556,41.4447,-3.4128,4010901001
40560,41.330749999999995,-3.6142000000000003,4003201001
40567,41.3901,-3.5899,4015401001
40568,41.3562,-3.614,4003201001
40569,41.3731,-3.6125,4009701001
40590,41.182916666666664,-3.60875,4019101001
40591,41.2203,-3.6037999999999997,4005301001
40592,41.2389,-3.5585,4005401001
40593,41.281,-3.6014,4004601001
40594,41.4142,-3.4049,4002401001
42001,41.767,-2.4727,4217302009
42002,41.7644,-2.4645,4217301001
42003,41.7606,-2.4693,4217302004
42004,41.7652,-2.4724,4217302003
42005,41.7681,-2.4754,4217302009
42070,41.764,-2.4688,4217302002
42071,41.764,-2.4688,4217302002
42080,41.764,-2.4688,4217302002
42100,41.8559,-1.9224,4200401001
42107,41.76955,-1.8759500000000002,4203401001
42108,41.875825,-1.9523,4205701001
42110,41.779,-1.9839,4213401001
42112,41.76982727272727,-2.176609090909091,4210001001
42113,41.886962499999996,-2.0649625,4209301001
42120,41.6235,-2.2249,4209601001
42126,41.51998888888889,-2.053366666666667,4202101001
42127,41.556625,-2.2073,4209601001
42128,41.584157142857144,-2.2977,4218301001
42130,41.70452857142857,-2.225742857142857,4204401001
42132,41.654075,-2.1912125000000002,4209601001
42134,41.72266923076923,-2.3475615384615383,4215401001
42138,41.63146,-2.0728999999999997,4214001001
42140,41.8303,-3.0688,4216401001
42141,41.73825,-3.15778,4208501001
42142,41.798140000000004,-3.2261,4208001001
42145,41.81264,-2.66176,4206101001
42146,41.8018,-2.8173,4204501001
42147,41.7745,-3.0212,4209801001
42148,41.7671875,-2.975025,4219001001
42149,41.8385,-3.0049,4212901001
42150,41.9104,-2.7637,4221501001
42153,41.875375,-2.5793375,4216001001
42154,41.9087,-2.6462,4216001001
42156,41.93855,-3.095975,4211701001
42157,41.9357,-2.8842,4206901001
42158,41.9545,-2.9309,4207801001
42159,41.8858,-2.6158,4216001001
42161,41.946875,-2.40015,4201901001
42162,41.85473636363636,-2.4196272727272725,4208701001
42164,41.899,-2.4831,4201901001
42165,41.93006666666667,-2.56405,4217401001
42166,41.9241,-2.583,4217401001
42167,41.90821666666667,-2.43155,4201901001
42169,41.97818,-2.49158,4201901001
42172,41.98082222222222,-2.3303777777777777,4213501001
42173,42.04338666666667,-2.4003333333333337,4220901001
42174,42.018544444444444,-2.2807,4201401001
42175,41.9734,-2.2025,4216501001
42180,41.858538461538465,-2.312153846153846,4201701001
42181,41.9119,-2.1954875,4209201001
42189,41.83512857142857,-2.2933999999999997,4212801001
42190,41.79351818181818,-2.5532090909090908,4209501001
42191,41.62388888888889,-2.402722222222222,4207101001
42192,41.73272,-2.68874,4220501001
42193,41.670786666666665,-2.85968,4204301003
42200,41.4865,-2.5309,4202001002
42210,41.465225000000004,-2.671625,4203001001
42211,41.50176666666667,-2.6250833333333334,4211101001
42212,41.429899999999996,-2.5688400000000002,4202001003
42213,41.271814285714285,-2.598171428571429,4202301001
42214,41.344699999999996,-2.6213333333333333,4221201001
42216,41.39516666666667,-2.4922666666666666,4200301001
42218,41.540772727272724,-2.4113272727272728,4218301001
42220,41.4337,-2.20985,4208801001
42222,41.366600000000005,-2.31935,4201801001
42223,41.46445,-2.4064125,4207901001
42225,41.44354,-2.32264,4210801001
42230,41.15173,-2.4902699999999998,4211301001
42240,41.13666,-2.372,4202501002
42248,41.21443333333333,-2.4379,4211301001
42250,41.2159,-2.2747,4202501001
42257,41.187025,-2.3407999999999998,4202501002
42258,41.2908,-2.3240333333333334,4201801001
42259,41.17328,-2.22636,4202501001
42260,41.2667,-2.1667,4216701001
42269,41.236450000000005,-2.13105,4211901001
42290,41.689175,-2.5618,4207101001
42291,41.63991818181818,-2.6757999999999997,4214401001
42294,41.583133333333336,-2.7527222222222223,4209001001
42300,41.5862,-3.0652,4204301001
42310,41.5393,-3.1005,4204301003
42311,41.45415,-3.0810166666666667,4204301003
42313,41.527342857142855,-3.0040857142857145,4214501001
42315,41.35398,-3.028826666666667,4215501001
42317,41.716300000000004,-3.019225,4219401001
42318,41.645514285714285,-3.0503,4219401001
42320,41.610425,-3.3229249999999997,4216201003
42328,41.540875,-3.41035,4211601001
42329,41.665800000000004,-3.34065,4210301001
42330,41.5744,-3.2042,4216201001
42340,41.4643,-3.2165,4216201002
42341,41.37756,-3.19164,4212001001
42342,41.455685714285714,-3.3067142857142855,4212001001
42344,41.34471666666667,-3.1712166666666666,4212001001
42345,41.516287500000004,-3.2045875,4216201002
42350,41.6525,-3.1285,4204301003
42351,41.672,-3.2375625,4216201003
42360,41.4656,-2.8615,4203501001
42365,41.528333333333336,-2.8291000000000004,4203501001
42366,41.516733333333335,-2.8921000000000006,4203501001
42367,41.41285,-2.7763999999999998,4204801001
42368,41.360733333333336,-2.8672,4215301001
42391,41.55855,-3.14085,4204301003
47001,41.6505,-4.7287,4718601001
47002,41.6509,-4.7226,4718605002
47003,41.6556,-4.7259,4718609004
47004,41.6462,-4.7222,4718603003
47005,41.6512,-4.7142,4718606018
47006,41.6398,-4.7388,4718611014
47007,41.6373,-4.7351,4718611004
47008,41.6182,-4.7505,4718611034
47009,41.6622,-4.7408,4718610006
47010,41.6653,-4.7163,4718608032
47011,41.6607,-4.7079,4718607014
47012,41.635,-4.7064,4718606031
47013,41.6336,-4.7214,4718604021
47014,41.64,-4.7542,4718610024
47015,41.6468,-4.7475,4718610056
47016,41.6363,-4.7685,4718610051
47017,41.6425,-4.695,4718606036
47018,41.6552,-4.7237,4718609004
47070,41.6552,-4.7237,4718609004
47071,41.6552,-4.7237,4718609004
47080,41.6552,-4.7237,4718609004
47100,41.5032,-5.0005,4716501001
47110,41.5783,-5.2408,4703601001
47111,41.5497,-5.1381,4721001001
47112,41.5562,-5.2047,4711301001
47113,41.5683,-5.12495,4721301001
47114,41.530633333333334,-5.0199,4708301001
47115,41.572100000000006,-5.04425,4701701001
47116,41.4439,-5.1252,4712101001
47120,41.6325,-5.1768,4709701001
47129,41.669079999999994,-5.0883400000000005,4716801001
47130,41.591,-4.8279,4716101001
47131,41.58356,-4.90518,4719101001
47132,41.53123333333333,-4.910733333333334,4716502002
47133,41.590199999999996,-5.12345,4718801001
47134,41.62975,-5.068625,4715101001
47140,41.5815,-4.7233,4707601015
47150,41.5293,-4.7524,4719301001
47151,41.5423,-4.7001,4702301001
47152,41.5541,-4.7922,4718612003
47153,41.6205,-4.7373666666666665,4718611042
47155,41.6946,-4.6903,4715501001
47160,41.47143333333333,-4.5996,4712202001
47161,41.5641,-4.654,4717501003
47162,41.5126,-4.6395,4700701001
47164,41.4473,-4.4895,4714501001
47165,41.4734,-4.5046,4703201001
47166,41.4473,-4.3826,4719401001
47169,41.5327,-4.6167,4712201001
47170,41.6542,-4.6283,4713301001
47171,41.6818,-4.5887,4704401001
47172,41.6852,-4.5464,4722401001
47173,41.6881,-4.5225,4710501001
47174,41.7029,-4.4831,4722101001
47175,41.7284,-4.4282,4711701001
47176,41.7502,-4.3806,4706101001
47177,41.7486,-4.3015,4700901001
47180,41.734,-4.3239,4720601001
47181,41.7403,-4.2687,4720001001
47182,41.7561,-4.2215,4704701001
47183,41.7682,-4.2,4716901001
47184,41.7673,-4.1849,4706201001
47185,41.7546,-4.125,4703401001
47186,41.7565,-4.1036,4706001001
47190,41.6752,-4.9174,4723001001
47191,41.6409,-4.8566,4705101001
47192,41.6485,-4.9596,4704101001
47193,41.6407,-4.7994,4723101002
47194,41.72495,-4.763199999999999,4706601001
47195,41.613150000000005,-4.7818000000000005,4718611039
47196,41.4712,-4.6464,4711101001
47197,41.6262,-4.7636,4718610030
47200,41.7997,-4.5306,4718401001
47209,41.7534,-4.5672,4714401001
47210,41.1817,-4.8031,4701101001
47219,41.14,-4.828749999999999,4714101001
47220,41.3712,-4.844,4712401001
47230,41.4145,-4.7899,4708201001
47231,41.4576,-4.8619,4715901001
47232,41.4111,-4.8293,4719201001
47237,41.3866,-4.7763,4708201001
47238,41.3706,-4.6726,4700501001
47239,41.527249999999995,-4.86145,4721801001
47240,41.4797,-4.772,4718201001
47250,41.4299,-4.6651,4709001002
47260,41.7616,-4.6236,4705501001
47270,41.7573,-4.6988,4705001002
47280,41.8099,-4.6935,4705501001
47281,41.7616,-4.6236,4705501001
47282,41.8305,-4.6518,4717401001
47283,41.8545,-4.6593,4713001001
47290,41.8336,-4.6146,4705701001
47300,41.5975,-4.1202,4711401001
47310,41.4922,-4.1954,4703001001
47311,41.5304,-4.1303,4706301001
47312,41.4814,-4.2794,4701201001
47313,41.520920000000004,-4.25392,4705401001
47314,41.58956666666666,-4.183333333333334,4708001001
47315,41.6417,-4.1559,4711601001
47316,41.671275,-4.123525,4705901001
47317,41.656075,-4.05825,4714301001
47318,41.57553333333333,-4.045566666666667,4711401002
47319,41.5348,-4.075200000000001,4717001001
47320,41.5466,-4.51915,4717502001
47328,41.5367,-4.5329,4711001001
47329,41.665933333333335,-4.451966666666666,4703901001
47330,41.5827,-4.4879,4717301001
47331,41.5698,-4.4494,4715401001
47340,41.6085,-4.434,4715701001
47350,41.6249,-4.3629,4712901001
47359,41.63705,-4.30745,4710301001
47360,41.6197,-4.2177,4712701001
47400,41.3124,-4.9141,4708503003
47410,41.2873,-4.6863,4710401001
47418,41.262033333333335,-4.637933333333333,4700201001
47419,41.208800000000004,-4.6696333333333335,4700801001
47420,41.3612,-4.5335,4707501001
47430,41.3414,-4.5822,4711201001
47440,41.40665,-4.555400000000001,4705301001
47450,41.3183,-4.8394,4712301001
47451,41.3374,-4.7672,4710402002
47452,41.2615,-4.7707,4723201001
47453,41.2287,-4.7856,4713201001
47454,41.2865,-4.7909,4723201001
47460,41.2577,-5.0148,4703101001
47461,41.2579,-5.0149,4703101001
47462,41.2043,-5.0229,4702001001
47463,41.2303,-4.9724,4718901001
47464,41.2676,-5.0568,4710201001
47465,41.3069,-5.0263,4722801001
47470,41.2136,-5.1094,4703501001
47480,41.1975,-5.1441,4706501001
47490,41.4122,-4.9593,4713901001
47491,41.4128,-4.9056,4715801001
47492,41.40275,-4.9482,4708503004
47493,41.2345,-4.8475,4715601001
47494,41.1818,-4.931425,4707801001
47500,41.3304,-5.081,4710101002
47509,41.3721,-5.0124,4713901001
47510,41.3076,-5.2159,4700401001
47511,41.3522,-5.1849,4716001001
47512,41.2928,-5.2081,4700401001
47513,41.2189,-5.2238,4716701001
47520,41.3889,-5.264,4704501001
47529,41.4331,-5.3019,4720401001
47530,41.4813,-5.2845,4715001001
47600,42.0999,-5.0344,4721401001
47606,42.06415,-4.976050000000001,4707001001
47607,42.10365,-5.0387,4719901001
47608,42.142325,-5.116275,4702601001
47609,42.21236666666667,-5.06065,4718701001
47610,41.6597,-4.7842,4723101001
47620,41.6979,-4.8373,4721701002
47630,41.7803,-4.944,4709901001
47639,41.8636,-4.8606,4721201001
47640,41.7116,-4.9833,4711501001
47641,41.7536,-5.069,4704301001
47650,42.0593,-5.0554,4705801001
47664,42.0542,-5.1236,4704801001
47670,42.08835,-5.27205,4701501001
47671,42.0991,-5.2822,4717701001
47672,42.0415,-5.3126,4718301001
47673,42.0096,-5.47275,4919201001
47674,41.9514,-5.2835,4701301001
47675,42.0108,-5.26035,4702401001
47676,42.0589,-5.2357,4722901001
47680,42.1651,-5.2683,4708401001
47686,42.2681,-5.0971,4708901001
47687,42.2434,-5.1422,4708801001
47688,42.2302,-5.181,4709101001
47689,42.1729,-5.2171,4714001001
47690,41.8351,-5.0367,4718501001
47691,41.9861,-5.0721,4709401001
47692,42.0328,-5.1501,4704801001
47800,41.8833,-5.0441,4708602001
47810,41.8929,-5.2186,4720501001
47811,41.8769,-5.1956,4709601001
47812,41.9297,-5.1453,4710901001
47813,41.93715,-5.0547,4722201001
47814,41.96535,-5.1942,4721501001
47815,41.99405,-5.00975,4719601001
47816,41.8819,-4.957999999999999,4718101001
47820,41.8218,-5.1155,4719701001
47830,41.8149,-5.1589,4716401001
47831,41.8214,-5.2589,4712501001
47832,41.8491,-5.2702,4702901001
47840,41.7803,-5.1924,4720701001
47850,41.7592,-5.2479,4722001001
47851,41.7356,-5.3259,4714801001
47860,41.7239,-5.255,4722301001
47862,41.7272,-5.2032,4717801001
47870,41.6523,-5.2663,4716301001
47880,41.6211,-5.2927,4701601001
47881,41.6532,-5.2839,4716301001
47882,41.6725,-5.3047,4704201001
47883,41.6919,-5.2765,4722701001
49001,41.5063,-5.7446,4927501003
49002,41.5063,-5.7446,4927501003
49003,41.5063,-5.7446,4927501003
49004,41.5063,-5.7446,4927501003
49005,41.5063,-5.7446,4927501003
49006,41.5063,-5.7446,4927501003
49007,41.5063,-5.7446,4927501003
49008,41.5063,-5.7446,4927501003
49009,41.5063,-5.7446,4927501003
49010,41.5063,-5.7446,4927501003
49011,41.5063,-5.7446,4927501003
49012,41.5063,-5.7446,4927501003
49013,41.5063,-5.7446,4927501003
49014,41.5063,-5.7446,4927501003
49015,41.5063,-5.7446,4927501003
49016,41.5063,-5.7446,4927501003
49017,41.5063,-5.7446,4927501003
49018,41.5063,-5.7446,4927501003
49019,41.5063,-5.7446,4927501003
49020,41.5063,-5.7446,4927501003
49021,41.5063,-5.7446,4927501003
49022,41.5063,-5.7446,4927501003
49023,41.5063,-5.7446,4927501003
49024,41.5063,-5.7446,4927501003
49025,41.5063,-5.7446,4927501003
49026,41.5063,-5.7446,4927501003
49027,41.49555,-5.77835,4927501003
49028,41.5063,-5.7446,4927501003
49029,41.5063,-5.7446,4927501003
49030,41.5063,-5.7446,4927501003
49031,41.5063,-5.7446,4927501003
49032,41.5063,-5.7446,4927501003
49070,41.5063,-5.7446,4927501003
49071,41.5063,-5.7446,4927501003
49080,41.5063,-5.7446,4927501003
49100,41.9849,-5.4066,4926001001
49110,41.9705,-5.3143,4904301001
49120,41.5827,-5.6605,4911901001
49121,41.5547,-5.7079,4912201001
49122,41.617,-5.6717,4922201001
49123,41.627,-5.6348,4902201001
49124,41.6746,-5.5995,4901601001
49125,41.6838,-5.653,4904701001
49126,41.7266,-5.649,4924601001
49127,41.7001,-5.5419,4916001001
49128,41.7695,-5.502,4903501001
49129,41.8168,-5.468450000000001,4926601001
49130,41.7509,-5.7105,4910801001
49131,41.8987,-5.3596,4925201001
49132,41.925,-5.3404,4926301001
49133,41.9706,-5.4632,4923201001
49134,41.9457,-5.4752,4924801001
49135,41.89533333333333,-5.5788,4917501001
49136,41.8345,-5.6107,4924201001
49137,41.7952,-5.639,4926801001
49140,41.8246,-5.9642,4921401001
49141,41.8347,-5.8888,4906301001
49142,41.7155,-5.6935,4914101001
49143,41.6809,-5.7289,4915501001
49144,41.7063,-5.756,4918601001
49145,41.717,-5.868,4915301001
49146,41.7427,-5.9201,4913801001
49147,41.71995,-5.970750000000001,4913801001
49148,41.796,-5.869699999999999,4913301001
49149,41.6472,-5.804,4912301001
49150,41.4639,-5.6563,4912501001
49151,41.4379,-5.669900000000001,4909001001
49152,41.4323,-5.5671,4921001001
49153,41.3896,-5.536,4923401001
49154,41.334,-5.4671,4914601001
49155,41.3444,-5.41,4902401001
49156,41.2899,-5.4422,4909301001
49157,41.46995,-5.6129999999999995,4910301001
49158,41.4941,-5.5891,4924501001
49159,41.4922,-5.6836,4926101001
49160,41.6535,-5.9971,4903601001
49161,41.68215,-5.92525,4920201001
49162,41.5997,-5.8671,4900901001
49163,41.635,-5.9467,4911101001
49164,41.59985,-6.04485,4923701001
49165,41.569266666666664,-5.992633333333333,4923701001
49166,41.530499999999996,-6.0702,4924701001
49167,41.521,-5.9703,4913501001
49168,41.6196,-6.0876,4907101001
49170,41.4362,-5.7967,4915101001
49171,41.3233,-5.8896,4914901001
49172,41.404,-5.836,4915201001
49173,41.3824,-5.8582,4915201001
49174,41.36325,-5.910349999999999,4907701001
49176,41.323,-5.8853,4914901001
49177,41.23512857142857,-5.966785714285714,4914901001
49178,41.28965,-5.84445,4914901001
49180,41.4751,-5.9165,4900701001
49181,41.5499,-5.913,4927504004
49182,41.5822,-5.9009,4919401001
49183,41.5923,-5.9215,4919401001
49190,41.4474,-5.7307,4912701001
49191,41.408950000000004,-5.6905,4914801001
49192,41.5509,-5.773366666666667,4909501001
49200,41.3665,-6.1122,4902301001
49210,41.2665,-6.0735,4900801001
49211,41.2675,-6.162725,4918301001
49212,41.3878,-6.1978,4913601001
49213,41.40186666666667,-6.285033333333334,4906401001
49214,41.42525,-6.246125,4906401001
49215,41.428133333333335,-6.152299999999999,4910101001
49216,41.33796666666667,-6.014633333333333,4902301001
49220,41.3174,-6.3958,4906501001
49230,41.32795,-6.2989,4926401001
49231,41.3712,-6.3797,4926401001
49232,41.3636,-6.3302,4926401001
49240,41.3354,-6.1707,4926401001
49250,41.5412,-6.15815,4924001001
49251,41.4532,-6.19225,4908801001
49252,41.487,-6.1834,4922101001
49253,41.49,-6.1367,4913101001
49254,41.459199999999996,-6.08075,4912401001
49255,41.4071,-6.0588999999999995,4902301001
49260,41.3928,-6.0101,4902301001
49270,41.3914,-5.9465,4915201001
49271,41.3701,-5.9431,4915201001
49272,41.4021,-5.9482,4915201001
49280,41.4165,-5.8781,4915201001
49281,41.4532,-5.8668,4915201001
49290,41.3909,-6.1468,4902301001
49300,42.054,-6.6335,4916601001
49310,42.0228,-6.3303,4912101001
49317,42.0497,-6.384925,4911201001
49318,42.0216,-6.3079,4915001001
49319,42.083,-6.3412500000000005,4911201001
49320,42.05575,-6.584,4914301001
49321,42.08201666666667,-6.58105,4917901001
49322,42.068175,-6.5327,4914301001
49323,42.137033333333335,-6.5641,4918101001
49324,42.100625,-6.492675,4918101001
49325,42.04101666666667,-6.451883333333334,4901701001
49326,42.0156,-6.2298,4917701001
49327,42.09773333333333,-6.1651,4912001001
49329,41.9853,-6.0762,4923101001
49330,41.995733333333334,-6.165933333333332,4917701001
49331,41.98676666666666,-6.103000000000001,4903201001
49332,41.9947,-6.0266,4903301001
49333,41.933733333333336,-5.9553666666666665,4920401001
49334,41.9047,-6.0154,4906601001
49335,41.89765,-6.1368,4906701001
49336,41.9387,-6.1502,4913901001
49337,41.95815,-6.2153,4906701001
49340,42.1486,-6.2959,4909701001
49341,42.14405,-6.3729,4906201001
49342,42.123466666666666,-6.414166666666667,4906201001
49343,42.1419,-6.2327,4909701001
49344,42.1257,-6.3581,4913401001
49345,42.1033,-6.4054,4906201001
49346,42.1011,-6.412,4906201001
49347,42.0912,-6.418,4906201001
49348,42.0735,-6.461,4901701001
49349,42.0757,-6.4739,4918101001
49350,42.1316,-6.6332,4918901001
49352,42.1316,-6.6332,4918901001
49357,42.1053,-6.6207,4918901001
49358,42.14074,-6.6225,4918901001
49359,42.13395,-6.659375,4922401001
49360,42.099,-6.657900000000001,4908501001
49361,42.1268,-6.6956999999999995,4908501001
49362,42.1129,-6.6768,4908501001
49390,42.0779,-6.616099999999999,4917901001
49391,41.9428,-6.6187,4914501001
49392,41.99862,-6.68826,4914501001
49393,42.018550000000005,-6.5946,4916601001
49394,42.04258,-6.72454,4905001001
49395,42.08988,-6.70132,4905001001
49396,42.070166666666665,-6.682383333333333,4905001001
49400,41.2304,-5.4972,4908102001
49410,41.2514,-5.3832,4908001001
49419,41.2304,-5.3255,4904001001
49420,41.2824,-5.353,4922601001
49430,41.2062,-5.4641,4924101001
49440,41.1665,-5.3683,4903401001
49450,41.14855,-5.3163,4923001001
49500,41.6994,-6.3465,4900301001
49510,41.6349,-6.1408,4907101001
49511,41.6206,-6.2117,4907101001
49512,41.71265,-6.228525,4917201001
49513,41.6646,-6.17775,4918401001
49514,41.651675,-6.23825,4915701001
49515,41.74576666666667,-6.434733333333334,4917301001
49516,41.72366666666667,-6.508166666666667,4922301001
49517,41.72403333333333,-6.465766666666667,4917301001
49518,41.68536666666667,-6.457933333333333,4917301001
49519,41.74326,-6.28444,4917201001
49520,41.87893333333333,-6.445899999999999,4906901001
49521,41.85575,-6.4763,4906901001
49522,41.852533333333334,-6.3403,4910401001
49523,41.7911,-6.364999999999999,4920901001
49524,41.7958,-6.4405,4927301001
49525,41.74665,-6.3693,4920901001
49530,41.5479,-5.6225,4905301001
49539,41.592099999999995,-5.576933333333333,4900601001
49540,41.749500000000005,-6.0065,4906801001
49541,41.67375,-6.08995,4909801001
49542,41.7071,-6.12545,4923301001
49543,41.667100000000005,-6.053699999999999,4909801001
49550,41.78715,-6.0746,4906801001
49559,41.748775,-6.165375,4908701001
49560,41.9028,-6.3805,4910401001
49561,41.9228,-6.3564,4910401001
49562,41.9421,-6.2865,4926201001
49563,41.9587,-6.3393,4926201001
49570,42.0357,-6.9054,4910001001
49571,42.0015,-6.8988,4909401001
49572,41.97735,-6.904175,4909401001
49573,42.043000000000006,-6.94055,4910001001
49574,42.040033333333334,-6.865100000000001,4910001001
49580,42.0733,-7.00185,4915401001
49582,42.1182,-6.957,4915401001
49583,42.1674,-6.8993,4916201001
49590,41.5794,-5.5003,4911401001
49591,41.821533333333335,-6.1706666666666665,4917601001
49592,41.8185,-6.2452,4920801001
49593,41.93955,-6.50825,4911001001
49594,41.97728333333333,-6.437366666666667,4911001001
49600,42.0025,-5.6783,4902102001
49610,42.0736,-6.0155,4920601001
49618,42.08728333333334,-5.982466666666667,4920601001
49619,42.114875,-6.0557,4901801001
49620,41.9998,-5.7136,4920001001
49621,42.04906666666667,-5.9434000000000005,4920601001
49622,42.040499999999994,-5.8772400000000005,4920601001
49623,42.0168,-5.9353,4909201001
49624,41.99325,-5.8782499999999995,4911701001
49625,41.9856,-5.9226,4920501001
49626,41.979375,-5.998525,4903301001
49627,42.019400000000005,-6.048349999999999,4903301001
49628,42.0433,-6.0724,4919301001
49629,42.0616,-6.0479,4902701001
49630,41.8652,-5.4123,4925001001
49637,41.8172,-5.29,4905501001
49638,41.9132,-5.4138,4916501001
49639,41.86275,-5.422750000000001,4916801001
49640,41.9002,-5.486,4904601001
49650,41.9372,-5.5516,4918801001
49660,41.9814,-5.61905,4904101001
49670,42.0038,-5.5453,4908201001
49680,42.0261,-5.5031,4922901001
49690,42.0458,-5.6347,4918701001
49691,42.07485,-5.60405,4918701001
49692,42.105,-5.6416,4911301001
49693,42.0741,-5.769033333333333,4912801001
49694,42.0356,-5.7469,4910901001
49695,42.0983,-5.858,4924301001
49696,42.106833333333334,-5.8749,4900401001
49697,41.946283333333334,-5.853149999999999,4925601001
49698,41.90616,-5.78356,4902901001
49699,41.950425,-5.694575,4919901001
49700,41.3414,-5.7369,4905401001
49706,41.323750000000004,-5.72215,4905401001
49707,41.3388,-5.6769,4919701001
49708,41.3644,-5.75835,4925801001
49709,41.3333,-5.7833,4903101001
49710,41.2558,-5.7105,4905801001
49714,41.3263,-5.628,4908401001
49715,41.3532,-5.5884,4915801001
49716,41.3116,-5.5876,4901301001
49717,41.3202,-5.6173,4919101001
49718,41.2508,-5.7977,4911501001
49719,41.2671,-5.59895,4925501001
49720,41.4127,-5.7528,4915101001
49721,41.4301,-5.7556,4906101001
49722,41.3985,-5.7828,4915101001
49730,41.5744,-5.7392,4905601001
49731,41.6312,-5.7061,4913201001
49740,41.8103,-5.7389,4909101001
49741,41.7683,-5.7616,4910801001
49742,41.7607,-5.7651,4910801001
49743,41.7338,-5.7806,4918601001
49750,41.8786,-5.71,4920701001
49751,41.8792,-5.739,4902501001
49760,41.92635,-5.6707,4927101001
49770,42.0539,-5.7275,4923801001
49780,42.1026,-5.7333,4915901001
49781,42.085800000000006,-5.726100000000001,4922001001
49782,42.0742,-5.7196,4923801001
49783,42.114149999999995,-5.79895,4910501001
49800,41.5242,-5.3953,4921902001
49810,41.5374,-5.3064,4912901001
49820,41.3807,-5.4079,4923901001
49830,41.7228,-5.4518,4902001001
49831,41.6746,-5.4616,4903001001
49832,41.6547,-5.4866,4910701001
49833,41.6308,-5.4725,4908301001
49834,41.6264,-5.4258,4900201001
49835,41.5973,-5.4366,4916301001
49836,41.5415,-5.3884,4921903001
49840,41.6548,-5.3661,4923501001
49850,41.6278,-5.3641,4915601001
49860,41.5977,-5.2977,4924901001
49870,41.5781,-5.3429,4927001001
49871,41.5848,-5.3771,4926701001
49880,41.4817,-5.483,4914701001
49881,41.5068,-5.5098,4921902003
49882,41.4517,-5.4523,4922801001
