Nombre;Latitud;Longitud;Provincia;ceas_id;CUSEC
CEAS ÁVILA NORTE;40,662;-4,694;Ávila;1;0501903002
CEAS ÁVILA CENTRO;40,657;-4,699;Ávila;2;0501901001
CEAS ÁVILA SUR;40,650;-4,699;Ávila;3;0501904004
CEAS ÁVILA RURAL - (SEDE II);40,591;-5,014;Ávila;4;0513501001
CEAS ARAVALLE - BARCO DE ÁVILA;40,359;-5,519;Ávila;5;0502101002
CEAS MORAÑA - ARÉVALO (SEDE I);41,064;-4,721;Ávila;6;0501601001
CEAS MORAÑA ALTA - MADRIGAL DE LAS ALTAS TORRES (SEDE I);41,089;-4,999;Ávila;7;0511402001
CEAS MORAÑA ALTA - MADRIGAL DE LAS ALTAS TORRES (SEDE II);40,873;-4,971;Ávila;8;0506501001
CEAS EL TIÉTAR - LA ADRADA (SEDE I);40,302;-4,637;Ávila;9;0500201002
CEAS EL TIÉTAR - LA ADRADA (SEDE III);40,290;-4,581;Ávila;10;0524002001
CEAS EL TIÉTAR - ARENAS DE SAN PEDRO (SEDE I);40,209;-5,090;Ávila;11;0501401001
CEAS EL TIÉTAR - ARENAS DE SAN PEDRO (SEDE II);40,260;-5,017;Ávila;12;0513201001
CEAS ALBERCHE - CEBREROS (SEDE I);40,455;-4,465;Ávila;13;0505701001
CEAS ALBERCHE - CEBREROS (SEDE II);40,414;-4,785;Ávila;14;0504101001
CEAS ALBERCHE - CEBREROS (SEDE III);40,604;-4,328;Ávila;15;0516801001
CEAS ALBERCHE - CEBREROS (SEDE IV);40,415;-4,498;Ávila;16;0524101002
CEAS VALLE DEL CORNEJA - PIEDRAHITA (SEDE I);;;Ávila;17;0518601001
CEAS VALLE DEL CORNEJA - PIEDRAHITA (SEDE II);40,362;-5,135;Ávila;18;0516501001
CEAS MORAÑA - ARÉVALO (SEDE II);40,893;-4,582;Ávila;19;0520401001
CEAS EL TIÉTAR - ARENAS DE SAN PEDRO (SEDE III);40,153;-5,241;Ávila;20;0504703001
CEAS EL TIÉTAR - LA ADRADA (SEDE II);40,281;-4,766;Ávila;21;0505401001
CEAS ÁVILA RURAL - (SEDE I);40,646;-4,693;Ávila;22;0501904010
CEAS LERMA;42,024;-3,758;Burgos;23;0919401002
CEAS MIRANDA RURAL;42,635;-3,111;Burgos;24;0925101001
CEAS ROA DE DUERO;41,695;-3,930;Burgos;25;0932101001
CEAS TRESPADERNE;42,803;-3,387;Burgos;26;0939401001
CEAS VILLADIEGO;42,516;-4,011;Burgos;27;0942701001
CEAS BRIVIESCA;42,550;-3,322;Burgos;28;0905601002
CEAS ESPINOSA DE LOS MONTEROS;43,077;-3,553;Burgos;29;0912401001
CEAS MEDINA DE POMAR;42,930;-3,488;Burgos;30;0920901002
CEAS OÑA;42,735;-3,414;Burgos;31;0923801001
CEAS SALAS DE LOS INFANTES;42,023;-3,287;Burgos;32;0933001001
CEAS VALLE DE MENA;43,102;-3,280;Burgos;33;0941001001
CEAS VILLARCAYO;42,941;-3,569;Burgos;34;0990301002
CEAS RIO VENA;42,353;-3,684;Burgos;35;0905905013
CEAS SAN PEDRO DE LA FUENTE;42,342;-3,715;Burgos;36;0905903007
CEAS SAN PEDRO Y SAN FELICES;42,333;-3,702;Burgos;37;0905906009
CEAS CENTRO - ARLANZON;42,343;-3,700;Burgos;38;0905902004
CEAS GAMONAL II - LA ANTIGUA;42,350;-3,670;Burgos;39;0905909007
CEAS ARANDA RURAL;41,651;-3,781;Burgos;40;0908501001
CEAS BURGOS RURAL NORTE;42,434;-3,682;Burgos;41;0990601001
CEAS MELGAR DE FERNAMENTAL;42,404;-4,247;Burgos;42;0921101001
CEAS QUINTANAR DE LA SIERRA;41,982;-3,040;Burgos;43;0928901002
CEAS VALLE DE VALDEBEZANA;42,715;-3,749;Burgos;44;0990501001
CEAS BELORADO;42,420;-3,192;Burgos;45;0904801001
CEAS BURGOS RURAL SUR;42,277;-3,898;Burgos;46;0912501001
CEAS GAMONAL I - LAS TORRES;42,360;-3,668;Burgos;47;0905909015
CEAS HUERTA EL REY;41,839;-3,347;Burgos;48;0917401001
CEAS MIRANDA OESTE;42,683;-2,952;Burgos;49;0921901001
CEAS MIRANDA ESTE;42,690;-2,934;Burgos;50;0921904002
CEAS VADILLOS;42,343;-3,700;Burgos;51;0905902004
CEAS A-ALLENDEDUERO;41,665;-3,689;Burgos;52;0901801009
CEAS B-CENTRO;41,670;-3,683;Burgos;53;0901802004
CEAS SANTA MARÍA DEL CAMPO;42,132;-3,975;Burgos;54;0935001001
CEAS CAPISCOL;42,350;-3,670;Burgos;55;0905909007
CEAS SAN JULIAN Y EL CRUCERO;42,333;-3,702;Burgos;56;0905906009
CEAS LA BAÑEZA;42,299;-5,901;León;57;2401001002
CEAS BOÑAR;42,868;-5,322;León;58;2402101001
CEAS LEÓN I (VILLAQUILAMBRE);42,639;-5,558;León;59;2422201006
CEAS LEÓN II -VIRGEN DEL CAMINO;42,580;-5,643;León;60;2418901002
CEAS LA MAGDALENA;42,783;-5,809;León;61;2416701001
CEAS SAN ANDRES DEL RABANEDO (SEDE I - PINILLA);42,607;-5,597;León;62;2414203003
CEAS SAN ANDRES DEL RABANEDO (SEDE II);42,607;-5,605;León;63;2414201001
CEAS TROBAJO DEL CAMINO (SEDE III - PRINCESA);42,597;-5,608;León;64;2414202005
CEAS TROBAJO DEL CAMINO (SEDE IV - LA SAL);42,596;-5,593;León;65;2414202004
CEAS EL PLANTÍO;42,544;-6,588;León;66;2411501005
CEAS CENTRO (LA MÁQUINA);42,552;-6,595;León;67;2411502014
CEAS CENTRO (NAVALIEGOS);42,545;-6,607;León;68;2411503001
CEAS BABIA;42,953;-6,150;León;69;2402901001
CEAS BEMBIBRE;42,615;-6,416;León;70;2401401003
CEAS CACABELOS;42,556;-6,733;León;71;2403801001
CEAS FABERO;42,766;-6,628;León;72;2407001001
CEAS PUENTE DOMINGO FLOREZ;42,411;-6,820;León;73;2412201001
CEAS TORENO;42,695;-6,515;León;74;2416901001
CEAS TORRE DEL BIERZO;42,596;-6,323;León;75;2417001001
CEAS VEGA DE ESPINAREDA;42,726;-6,656;León;76;2419601001
CEAS VILLABLINO;42,940;-6,322;León;77;2420201002
CEAS VILLAFRANCA;42,610;-6,806;León;78;2420901001
CEAS CUENCA DE MATALLANA;42,840;-5,519;León;79;2409801001
CEAS  PALOMERA - SAN MAMÉS;42,601;-5,564;León;80;2408904006
CEAS MARIANO ANDRÉS;42,609;-5,573;León;81;2408903005
CEAS PUENTE CASTRO - SAN CLAUDIO;42,589;-5,565;León;82;2408906006
CEAS VALENCIA DE DON JUAN;42,294;-5,516;León;83;2418801001
CEAS ASTORGA;42,456;-6,060;León;84;2400803002
CEAS MANSILLA DE LAS MULAS;42,498;-5,416;León;85;2409401001
CEAS RIAÑO;42,976;-5,006;León;86;2413001001
CEAS LA RIBERA DEL ÓRBIGO;42,504;-5,897;León;87;2401501001
CEAS SAHAGÚN;42,371;-5,033;León;88;2413901002
CEAS SANTA MARÍA DEL PÁRAMO;42,353;-5,749;León;89;2415701001
CEAS LA CABRERA;42,185;-6,190;León;90;2404701001
CEAS ARMUNIA - OTERUELO -TROBAJO DE CERECEDO;42,586;-5,587;León;91;2408907007
CEAS LEÓN CENTRO;42,604;-5,576;León;92;2408903017
CEAS EL CRUCERO - LA VEGA;42,600;-5,586;León;93;2408907004
CEAS EL EJIDO - SANTA ANA;42,601;-5,562;León;94;2408904013
CEAS TROBAJO DEL CAMINO (SEDE I);42,594;-5,608;León;95;2414202008
CEAS CISTIERNA;42,803;-5,126;León;96;2405601001
CEAS TROBAJO DEL CAMINO (SEDE II - PARAISO CANTINAS);42,601;-5,591;León;97;2414202011
CEAS FLORES DEL SIL;42,543;-6,617;León;98;2411503001
CEAS AGUILAR DE CAMPOO;42,793;-4,262;Palencia;99;3400401002
CEAS PALENCIA NORTE;42,031;-4,556;Palencia;100;3412004005
CEAS PALENCIA CENTRO;42,008;-4,529;Palencia;101;3412001004
CEAS PALENCIA SUR;42,004;-4,521;Palencia;102;3412007010
CEAS PALENCIA NORESTE;42,017;-4,529;Palencia;103;3412005007
CEAS ASTUDILLO - FRÓMISTA;42,194;-4,293;Palencia;104;3401701001
CEAS BALTANÁS - TORQUEMADA;42,030;-4,322;Palencia;105;3418201001
CEAS CERVERA DE PISUERGA - LA PERNÍA;42,865;-4,499;Palencia;106;3405601001
CEAS GUARDO;42,790;-4,848;Palencia;107;3408002002
CEAS HERRERA DEL PISUERGA - ALAR DEL REY;42,593;-4,330;Palencia;108;3408301002
CEAS PAREDES DE NAVA - VILLADA;42,154;-4,692;Palencia;109;3412301001
CEAS CARRIÓN DE LOS CONDES - OSORNO (SEDE I);42,338;-4,604;Palencia;110;3404701002
CEAS VILLARRAMIEL;42,045;-4,911;Palencia;111;3423201001
CEAS CARRIÓN DE LOS CONDES - OSORNO (SEDE II);42,412;-4,362;Palencia;112;3490101001
CEAS SALDAÑA;;;Palencia;113;3415701002
CEAS VENTA DE BAÑOS - DUEÑAS;;;Palencia;114;3406901002
CEAS LAS VILLAS - SANTA MARTA DE TORMES;40,965;-5,671;Salamanca;115;3727401006
CEAS LEDESMA;41,090;-5,998;Salamanca;116;3717001001
CEAS LUMBRALES;41,008;-6,436;Salamanca;117;3737601001
CEAS SALAMANCA RURAL NORTE;40,965;-5,671;Salamanca;118;3727401006
CEAS SALAMANCA RURAL SUR;40,965;-5,671;Salamanca;119;3727401006
CEAS TAMAMES;40,658;-6,106;Salamanca;120;3731601001
CEAS VITGUDINO;41,008;-6,436;Salamanca;121;3737601001
CEAS ALBA DE TORMES;40,828;-5,513;Salamanca;122;3700801001
CEAS BEJAR;40,386;-5,767;Salamanca;123;3704602001
CEAS CIUDAD RODRIGO 1;40,597;-6,534;Salamanca;124;3710701002
CEAS CIUDAD RODRIGO 2;40,597;-6,534;Salamanca;125;3710701002
CEAS GUIJUELO;40,556;-5,671;Salamanca;126;3715601002
CEAS SALAMANCA CENTRO;40,962;-5,663;Salamanca;127;3727401007
CEAS ROLLO;40,965;-5,650;Salamanca;128;3727402011
CEAS GARRIDO SUR;40,974;-5,659;Salamanca;129;3727405012
CEAS SAN BERNARDO - VIDAL;40,971;-5,671;Salamanca;130;3727404004
CEAS PIZARRALES;40,978;-5,674;Salamanca;131;3727404013
CEAS GARRIDO NORTE;40,974;-5,659;Salamanca;132;3727405012
CEAS VISTA HERMOSA - BUENOS AIRES;40,950;-5,680;Salamanca;133;3727403017
CEAS SAN JOSÉ - LA VEGA;40,951;-5,663;Salamanca;134;3727403003
CEAS PEÑARANDA DE BRACAMONTE;40,901;-5,203;Salamanca;135;3724602001
CEAS LINARES;40,584;-5,921;Salamanca;136;3717201001
CEAS CANTALEJO - FUENTESAÚCO DE FUENTIDUEÑA;41,256;-3,928;Segovia;137;4004001001
CEAS CARBONERO EL MAYOR - TURÉGANO;41,256;-3,928;Segovia;138;4004001001
CEAS CUELLAR;41,402;-4,314;Segovia;139;4006301001
CEAS VALLELADO - SANCHONUÑO;41,402;-4,314;Segovia;140;4006301001
CEAS COCA - NAVAS DE LA ASUNCION;41,402;-4,314;Segovia;141;4006301001
CEAS SEPÚLVEDA - PEDRAZA;41,142;-3,689;Segovia;142;4016201001
CEAS RIAZA - AYLLON;41,142;-3,689;Segovia;143;4016201001
CEAS SAN ILDEFONSO;40,903;-4,006;Segovia;144;4018101001
CEAS EL ESPINAR - VILLACASTÍN;40,903;-4,006;Segovia;145;4018101001
CEAS SEGOVIA RURAL;40,903;-4,006;Segovia;146;4018101001
CEAS SEGOVIA CENTRO;40,945;-4,121;Segovia;147;4019402001
CEAS SEGOVIA SUR;40,938;-4,110;Segovia;148;4019405004
CEAS SEGOVIA NORTE;40,945;-4,104;Segovia;149;4019406002
CEAS SORIA ESTE;41,764;-2,465;Soria;150;4217301001
CEAS SORIA OESTE;41,764;-2,465;Soria;151;4217301001
CEAS PINARES NORTE;41,936;-2,883;Soria;152;4206901001
CEAS PINARES SUR;41,829;-3,068;Soria;153;4216401001
CEAS RIBERA DEL DUERO;41,587;-3,068;Soria;154;4204301001
CEAS SORIA RURAL;41,763;-2,467;Soria;155;4217301003
CEAS SUR;41,216;-2,274;Soria;156;4202501001
CEAS TIERRAS ALTAS;41,947;-2,468;Soria;157;4201901001
CEAS ALMAZÁN;41,487;-2,533;Soria;158;4202001001
CEAS BERLANGA DE DUERO;41,466;-2,861;Soria;159;4203501001
CEAS CAMPO DE GÓMARA;41,622;-2,224;Soria;160;4209601001
CEAS MONCAYO;41,853;-1,918;Soria;161;4200401002
CEAS LAGUNA DE DUERO;41,582;-4,721;Valladolid;162;4707601001
CEAS PEÑAFIEL;41,595;-4,118;Valladolid;163;4711402001
CEAS PINODUERO;41,584;-4,580;Valladolid;164;4717501001
CEAS SERRADA;41,457;-4,863;Valladolid;165;4715901001
CEAS CERCANIAS I;41,592;-4,826;Valladolid;166;4716101001
CEAS CERCANIAS II;41,612;-4,681;Valladolid;167;4705201003
CEAS ISCAR;41,361;-4,534;Valladolid;168;4707501001
CEAS NAVA DEL REY;41,330;-5,081;Valladolid;169;4710101002
CEAS OLMEDO;41,288;-4,687;Valladolid;170;4710401001
CEAS TIERRA DE CAMPOS NORTE;42,101;-5,029;Valladolid;171;4721401001
CEAS TIERRA DE CAMPOS SUR;41,881;-5,041;Valladolid;172;4708601001
CEAS TORDESILLAS;41,501;-5,000;Valladolid;173;4716502001
CEAS VALORIA - VALLE ESGUEVA;41,756;-4,696;Valladolid;174;4705001001
CEAS PAJARILLOS BAJOS;41,645;-4,711;Valladolid;175;4718606030
CEAS PAJARILLOS ALTOS  - LAS FLORES (SEDE I);41,645;-4,711;Valladolid;176;4718606030
CEAS PAJARILLOS ALTOS  - LAS FLORES (SEDE II);41,643;-4,694;Valladolid;177;4718606036
CEAS DELICIAS - CANTERAC (SEDE I);41,636;-4,718;Valladolid;178;4718604038
CEAS DELICIAS - CANTERAC (SEDE II);41,640;-4,716;Valladolid;179;4718604038
CEAS VALLADOLID CENTRO;41,656;-4,731;Valladolid;180;4718609002
CEAS CAMPILLO;41,648;-4,723;Valladolid;181;4718603003
CEAS CAMPO GRANDE;41,641;-4,739;Valladolid;182;4718602017
CEAS JUAN DE AUSTRIA;41,638;-4,740;Valladolid;183;4718611015
CEAS SUR - LA RUBIA (SEDE I);41,631;-4,739;Valladolid;184;4718611040
CEAS SUR - LA RUBIA (SEDE II);41,620;-4,749;Valladolid;185;4718611033
CEAS LA VICTORIA;41,668;-4,733;Valladolid;186;4718610046
CEAS ARTURO EYRIES;41,631;-4,747;Valladolid;187;4718610022
CEAS HUERTA DEL REY - GIRÓN;41,650;-4,742;Valladolid;188;4718610034
CEAS PARQUESOL;41,634;-4,761;Valladolid;189;4718610030
CEAS HOSPITAL;41,659;-4,715;Valladolid;190;4718608004
CEAS RONDILLA - SANTA CLARA I;41,664;-4,721;Valladolid;191;4718608031
CEAS RONDILLA - SANTA CLARA II;41,664;-4,726;Valladolid;192;4718608024
CEAS BARRIO ESPAÑA  -  SAN PEDRO REGALADO;41,666;-4,715;Valladolid;193;4718608032
CEAS VADILLOS (SEDE I);41,651;-4,715;Valladolid;194;4718607005
CEAS VADILLOS (SEDE II);41,650;-4,716;Valladolid;195;4718606017
CEAS PORTILLO;41,473;-4,594;Valladolid;196;4712202001
CEAS BELÉN - PILARICA;41,652;-4,709;Valladolid;197;4718607011
CEAS HUERTA DEL REY - PUENTE COLGANTE;41,650;-4,742;Valladolid;198;4718610034
CEAS DELICIAS - ARGALES;41,638;-4,727;Valladolid;199;4718604037
CEAS MEDINA DELCAMPO;41,311;-4,916;Valladolid;200;4708502001
CEAS DE ARROYO DE LA ENCOMIENDA;41,626;-4,773;Valladolid;201;4701001004
CEAS ALISTE;41,702;-6,343;Zamora;202;4900301001
CEAS BENAVENTE;42,003;-5,674;Zamora;203;4902102001
CEAS CARBALLEDA - VIDRIALES;41,996;-6,027;Zamora;204;4903301001
CEAS FUENTESAÚCO;41,231;-5,497;Zamora;205;4908102001
CEAS SANABRIA;42,054;-6,634;Zamora;206;4916601001
CEAS SAYAGO;41,365;-6,116;Zamora;207;4902301001
CEAS TORO;41,522;-5,387;Zamora;208;4921901003
CEAS VILLALPANDO;41,866;-5,414;Zamora;209;4925001001
CEAS ZAMORA RURAL;41,510;-5,731;Zamora;210;4927502010
CEAS ZAMORA NORTE;41,514;-5,752;Zamora;211;4927505007
CEAS ZAMORA ESTE;41,513;-5,737;Zamora;212;4927501012
CEAS ZAMORA SUR;;;Zamora;213;4927501003
CEAS ZAMORA CENTRO;41,506;-5,746;Zamora;214;4927501001
CEAS TÁBARA;41,826;-5,959;Zamora;215;4921401001
