fid,d_tipocent,a_nombre,a_complejo,a_direccio,n_latitud,n_longitud,a_cod_post,centro_salud_id,Grupo,CUSEC
1,Hospital,Hospital de Benavente,Complejo Asistencial de Zamora,"C/ HOSPITAL DE SAN JUAN, 4-6",42.00447199999999,-5.6765815,49600,1,especializada,4902101004
2,Hospital,Hospital Los Montalvos,Complejo Asistencial Universitario de Salamanca,"CTRA. CIUDAD RODRIGO, S/N",40.927106899999984,-5.7409168,37197,2,especializada,3708701001
3,Hospital,Hospital Clínico Universitario de Valladolid,,"AVDA. RAMÓN Y CAJAL, 3",41.6556843,-4.7194705,47005,3,especializada,4718608002
4,Hospital,Hospital de León,Complejo Asistencial Universitario de León,"C/ ALTOS DE NAVA, S/N",42.619271499999996,-5.573334600000001,24071,4,especializada,2408903008
5,Hospital,Hospital Provincial de Ávila,Complejo Asistencial de Ávila,"C/ JESÚS DEL GRAN PODER, 42",40.650288700000004,-4.6925986,05003,5,especializada,0501904005
6,Hospital,Hospital El Bierzo,,"C/ MÉDICOS SIN FRONTERAS, 7",42.57233659999999,-6.643434999999999,24404,6,especializada,2411505007
7,Hospital,Hospital San Telmo,Complejo Asistencial Universitario de Palencia,"AVDA. SAN TELMO, S/N",41.996486999999995,-4.5196723,34004,7,especializada,3412007018
8,Hospital,Hospital Divino Vallés,Complejo Asistencial Universitario de Burgos,"AVDA. ISLAS BALEARES, 1",42.3600076,-3.6915641,09006,8,especializada,0905905038
9,Hospital,Hospital Universitario del Río Hortega,,"C/ DULZAINA, 2",41.6300172,-4.7127903999999985,47012,9,especializada,4718604040
10,Hospital,Hospital Universitario de Burgos,Complejo Asistencial Universitario de Burgos,"AVDA. ISLAS BALEARES, 3",42.36246070000001,-3.684509999999999,09006,10,especializada,0905905038
11,Hospital,Hospital Río Carrión,Complejo Asistencial Universitario de Palencia,"AVDA. DONANTES DE SANGRE, S/N",42.0007318,-4.5394,34005,11,especializada,3412002003
12,Hospital,Hospital Santos Reyes,,"AVDA. RUPERTA BARAYA, 6",41.66957390000001,-3.6915641,09400,12,especializada,0901801002
13,Hospital,Hospital Medina Del Campo,,"C/ PEÑARANDA, 24",41.295331000000004,-4.9114143,47000,13,especializada,4708501006
14,Hospital,Hospital Universitario Virgen de la Vega,Complejo Asistencial Universitario de  Salamanca,"PASEO DE SAN VICENTE, 58",40.96498999999999,-5.6732002999999995,37007,14,especializada,3727403004
15,Hospital,Hospital Fuente Bermeja,Complejo Asistencial Universitario de Burgos,"C/ FCO. SALINAS, S/N",42.3466956,-3.7113366,09003,15,especializada,0905903006
16,Hospital,Hospital Monte San Isidro,Complejo Asistencial Universitario de León,"CTRA. DE ASTURIAS, S/N",42.63932359999998,-5.5940199,24008,16,especializada,2408903003
17,Hospital,Hospital Santa Isabel,Complejo Asistencial Universitario de León,"CRTA. MADRID, 118",42.575919999999996,-5.545052199999998,24005,17,especializada,2408908002
18,Hospital,Hospital Virgen del Castañar,Complejo Asistencial Universitario de Salamanca,"TRAVESÍA DE SANTA ANA, 4",40.385115799999994,-5.766349399999999,37700,18,especializada,3704602001
19,Hospital,Hospital Santiago Apóstol,,"CTRA. DE ORÓN, S/N",42.6697827,-2.9888110000000006,09200,19,especializada,0921904001
20,Hospital,Hospital Provincial de Zamora,Complejo Asistencial de Zamora,"C/ HERNÁN CORTÉS, 40",41.5113982,-5.7280343,49071,20,especializada,4927502010
21,Hospital,Hospital Virgen de la Concha,Complejo Asistencial de Zamora,"AVDA. REQUEJO, 35",41.5142828,-5.7316792,49022,21,especializada,4927501006
22,Hospital,Hospital Clínico Universitario de Salamanca,Complejo Asistencial Universitario de Salamanca,"PASEO DE SAN VICENTE, 182",40.9639867,-5.6751697,37007,22,especializada,3727403004
23,Hospital,Hospital General de Segovia,Complejo Asistencial de Segovia,C/ LUIS ERIK CLAVERÍA NEURÓLOGO S/N,40.943086900000004,-4.128050400000001,40002,23,especializada,4019404010
24,Hospital,Hospital Virgen del Mirón,Complejo Asistencial de Soria,"CTRA. LOGROÑO, 8",41.771556699999984,-2.464044800000001,42005,24,especializada,4217303002
25,Hospital,Hospital Santa Bárbara,Complejo Asistencial de Soria,"PASEO DE SANTA BÁRBARA, S/N",41.77205349999999,-2.4714244999999995,42005,25,especializada,4217301007
26,Hospital,Hospital Nuestra Señora de Sonsoles,Complejo Asistencial de Ávila,"AVDA. DE JUAN CARLOS I, S/N",40.6659342,-4.6664857,05071,26,especializada,0501906013
27,Centro de Salud,Piedrahíta,,"PZA. NUEVA DE LA VILLA, 3",40.4625335,-5.3263907,05500,27,primaria,0518601001
28,Centro de Salud,Pilarica,,"C/ DR. MONTERO, 2",41.650487000000005,-4.714535400000001,47005,28,primaria,4718606018
29,Centro de Salud,Pisuerga,,"PZA. ESPAÑA, 5",41.62586159999999,-4.774127199999999,47195,29,primaria,4701001006
30,Centro de Salud,San Agustín,,"C/ BONIFACIO ZAMORA USABEL, S/N",42.333301199999994,-3.702059199999999,09001,30,primaria,0905906007
31,Centro de Salud,Casto Prieto,,"C/ MAESTRO TÁRREGA, 2-4",40.951304500000006,-5.663674500000002,37008,31,primaria,3727403012
32,Centro de Salud,San Leonardo de Yagüe,,"C/ SAN PEDRO, S/N",41.829353399999995,-3.0654067,42140,32,primaria,4216401001
33,Centro de Salud,San Pedro del Arroyo,,"C/ LA SALUD, 1",40.8011688,-4.869219899999999,05350,33,primaria,0522001001
34,Centro de Salud,Puente de Domingo Flórez,,"PZA. EPIFANIO CAMPO, S/N",42.41131089999998,-6.8199343,24380,34,primaria,2412201001
35,Centro de Salud,Quintanar de la Sierra,,"C/ IGLESIA, S/N",41.9790395,-3.0418546,09670,35,primaria,0928901001
36,Centro de Salud,Riaza,,"PZA. MARÍA HERNADO, 1",41.276837400000005,-3.4796646,40500,36,primaria,4017001001
37,Centro de Salud,Roa de Duero,,"CTRA. MAMBRILLA, S/N",41.696130799999985,-3.9327774999999994,09300,37,primaria,0932101001
38,Centro de Salud,Rondilla II,,"C/ CARDENAL TORQUEMADA, 54",41.6643378,-4.7198649999999995,47010,38,primaria,4718608031
39,Centro de Salud,Sahagún,,"AVDA. DE LA CONSTITUCIÓN, 10",42.37218600000001,-5.0316413,24320,39,primaria,2413901002
40,Centro de Salud,Saldaña,,"C/ RONDA DON GARCÍA, S/N",42.52130639999999,-4.736831200000001,34100,40,primaria,3415701001
41,Centro de Salud,Los Cubos,,"C/ LAVADORES, S/N",42.340149100000005,-3.711757,09003,41,primaria,0905903002
42,Centro de Salud,Madrigal de las Altas Torres,,"C/ ISABEL LA CATÓLICA, 23",41.08809630000001,-4.9957425,05220,42,primaria,0511401001
43,Centro de Salud,Matallana de Torío,,"C/ ESTACIÓN, S/N",42.84338,-5.522326,24830,43,primaria,2409801001
44,Centro de Salud,Medina de Rioseco,,"PZA. MAYOR, 2",41.8806557,-5.0411579999999985,47800,44,primaria,4708601001
45,Centro de Salud,Miranda Este,,"C/ CIUDAD DE VIERZÓN, 11",42.6840591,-2.9416044000000006,09200,45,primaria,0921903016
46,Centro de Salud,Mombeltrán,,"C/ JOSÉ MANUEL FERNÁNDEZ DE SANTIAGO, S/N",40.2585881,-5.016031600000001,05410,46,primaria,0513201001
47,Centro de Salud,Olmedo,,"C/ CALABAZAS, 2",41.284531099999995,-4.6819657999999995,47410,47,primaria,4710402001
48,Centro de Salud,Pampliega,,"C/ LAS ERAS, S/N",42.2045017,-3.9862168,09220,48,primaria,0925001001
49,Centro de Salud,Periurbana Norte,,"C/ FUENTE, 27",41.0088294,-5.647597599999999,37184,49,primaria,3736201001
50,Centro de Salud,Villafranca del Bierzo,,"AVDA. DÍAZ OVELAR, S/N",42.610216600000015,-6.806892200000002,24500,50,primaria,2420901001
51,Centro de Salud,Villamuriel de Cerrato,,"AVDA. VALDEGUDIN, S/N",41.952549099999985,-4.5151135999999985,34190,51,primaria,3422501002
52,Centro de Salud,Vitigudino,,"C/ ALAMEDA, 2",41.00384029999999,-6.437845199999997,37210,52,primaria,3737601001
53,Centro de Salud,Zamora Sur,,"C/ SANTA TERESA, 26",41.51121229999999,-5.7401879000000005,49011,53,primaria,4927501007
54,Centro de Salud,Santa María del Páramo,,"C/ PALOMARES, 1",42.3560491,-5.7506898,24240,54,primaria,2415701002
55,Centro de Salud,Santa Marta de Tormes,,"C/ PADRE IGNACIO ELLACURÍA, S/N",40.95080389999999,-5.628974999999999,37900,55,primaria,3729401001
56,Centro de Salud,Segovia I,,C/ SANTO TOMÁS 9,40.94207359999999,-4.1174295,40002,56,primaria,4019403007
57,Centro de Salud,Segovia Rural,,"CAMINO DE LA PIEDAD, S/N",40.9458324,-4.1267613,40002,57,primaria,4019402002
58,Centro de Salud,Sotillo de la Adrada,,"PZA. DE LA CONCORDIA, S/N",40.293292,-4.5837384,05420,58,primaria,0524001001
59,Centro de Salud,Elena Ginel Díez (Tejares),,"C/ TOMÁS RODRÍGUEZ PINILLA, S/N",40.9579551,-5.683792,37008,59,primaria,3727403010
60,Centro de Salud,Universidad Centro (Filiberto Villalobos),,"C/ SANCTI SPIRITUS, 43",40.96493929999999,-5.658451699999999,37001,60,primaria,3727402001
61,Centro de Salud,Valderas,,"CTRA. BENAVENTE, S/N",42.0759722,-5.445616899999999,24220,61,primaria,2418101002
62,Centro de Salud,Parque Alameda - Covaresa,,"AVDA. DE CASTILLA Y LEÓN, 137",41.61202120000001,-4.750401800000001,47008,62,primaria,4718611031
63,Centro de Salud,Valle de Losa (Quincoces de Yuso),,"PZA. DE URANO, S/N",42.9897208,-3.2444004000000004,09510,63,primaria,0990801001
64,Centro de Salud,Venta de Baños,,"C/ ANTONIO MACHADO, S/N",41.92179990000001,-4.4899822,34200,64,primaria,3402301001
65,Centro de Salud,Berlanga de Duero,,"C/ MANUEL VÁZQUEZ, S/N",41.46760110000001,-2.8635457000000004,42360,65,primaria,4203501001
66,Centro de Salud,Briviesca,,"C/ SANTA ANA AL RÍO, 36",42.551441,-3.3220697000000006,09240,66,primaria,0905601003
67,Centro de Salud,Carbajales de Alba,,"C/ DEL ORO, S/N",41.6507436,-5.9927341,49160,67,primaria,4903601001
68,Centro de Salud,Carballeda (Mombuey),,"PZA. DEL AYUNTAMIENTO, 6",42.0241106,-6.331889799999999,49310,68,primaria,4912101001
69,Centro de Salud,Carrión de los Condes,,"PZA. CONDE DE GARAY, S/N",42.336064,-4.6016726,34120,69,primaria,3404701002
70,Centro de Salud,Dr. José Luis Santamaria García (Casa La Vega),,"C/ LAZARILLO DE TORMES, S/N",42.3636886,-3.6663145,09006,70,primaria,0905905047
71,Centro de Salud,Cebreros,,"AVDA. DE LA CONSTITUCIÓN, S/N",40.45917669999999,-4.4643505,05260,71,primaria,0505702002
72,Centro de Salud,Cristóbal Acosta,,"C/ JOSÉ Mª DE LA PUENTE, 1",42.3530205,-3.6920345999999995,09006,72,primaria,0905905032
73,Centro de Salud,Burgos Rural Norte,,"C/ LUIS CERNUDA, 1-11",42.35337400000001,-3.680814,09006,73,primaria,0905905044
74,Centro de Salud,Burgos Rural Sur,,"C/ LUIS CERNUDA, 1-11",42.353301,-3.6805780999999995,09006,74,primaria,0905905045
75,Centro de Salud,Calzada de Valdunciel,,"C/ LA LAGUNA, S/N",41.08703409999998,-5.6992965,37797,75,primaria,3707301001
76,Centro de Salud,Candeleda,,"C/ CHILLA, S/N",40.1538274,-5.2442125,05480,76,primaria,0504703001
77,Centro de Salud,Aguilar de Campoo,,"PASEO DEL SOTO, 5",42.79046819999999,-4.2587793,34800,77,primaria,3400402001
78,Centro de Salud,Alaejos,,"PZA. SANTA MARÍA, S/N",41.30961929999999,-5.213722499999999,47510,78,primaria,4700401002
79,Centro de Salud,Ágreda,,"C/ DEL VENERABLE, 85",41.85372520000001,-1.9257740999999997,42100,79,primaria,4200401001
80,Centro de Salud,Almazán,,"C/ FERIAL, S/N",41.490487999999985,-2.529267800000001,42200,80,primaria,4202001003
81,Centro de Salud,Aranda Rural,,"C/ BURGO DE OSMA, 53",41.6664948,-3.687820500000001,09400,81,primaria,0901801007
82,Centro de Salud,Arenas de San Pedro,,"PASEO PINTOR MARTÍNEZ VÁZQUEZ, 21",40.21180759999999,-5.085336399999999,05400,82,primaria,0501402002
83,Centro de Salud,Armunia,,"C/ SAN JUAN BOSCO, S/N",42.5807712,-5.5863856,24190,83,primaria,2408909001
84,Centro de Salud,Arturo Eyries,,"C/ PUERTO RICO, 1",41.634311700000005,-4.748222,47014,84,primaria,4718610049
85,Centro de Salud,Astorga II,,"C/ GASPAR BECERRA, S/N",42.4626285,-6.062106100000001,24700,85,primaria,2400802002
86,Centro de Salud,Ávila Estación,,"PASEO DE LA ESTACIÓN, 24",40.65674920000001,-4.6856894,05001,86,primaria,0501906002
87,Centro de Salud,Ávila Norte,,"C/ ARTURO DUPERIER, 4",40.6570937,-4.6954673,05001,87,primaria,0501906001
88,Centro de Salud,Barco de Ávila,,"C/ JOSÉ SORIA CHICO, S/N",40.35742719999999,-5.520107500000001,05600,88,primaria,0502101002
89,Centro de Salud,Belorado,,"C/ LAS CERCAS, 2",42.4199531,-3.190815,09250,89,primaria,0904801001
90,Centro de Salud,Santa Elena,,"C/ SANTA ELENA, 12",41.5111324,-5.745282399999999,49007,90,primaria,4927501010
91,Centro de Salud,Esguevillas de Esgueva,,"C/ DEMOCRACIA, 2",41.7464802,-4.3814172,47176,91,primaria,4706101001
92,Centro de Salud,Fabero,,"PZA. DE LA CORTINA, S/N",42.76821689999999,-6.627723499999999,24420,92,primaria,2407001001
93,Centro de Salud,Fontiveros,,"PASEO CHICO, 1",40.92827520000001,-4.963254399999999,05310,93,primaria,0507401001
94,Centro de Salud,Frómista,,"AVDA. EJERCITO ESPAÑOL, 28",42.2696271,-4.404130999999999,34440,94,primaria,3407401001
95,Centro de Salud,La Fuente de San Esteban,,"PZA. ESPAÑA, S/N",40.801484099999996,-6.2585555,37200,95,primaria,3713501001
96,Centro de Salud,García Lorca,,"C/ DE FEDERICO GARCÍA LORCA, 23",42.35071270000001,-3.6626418,09007,96,primaria,0905909024
97,Centro de Salud,Gómara,,"CTRA. DE ALMAZÁN, S/N",41.62265439999998,-2.2233568,42120,97,primaria,4209601001
98,Centro de Salud,Gredos,,"C/ LAS MOZAS, S/N",40.3616435,-5.1315989,05635,98,primaria,0516501001
99,Centro de Salud,Lanzahíta,,"C/ FELIPE VELASCO, S/N",40.2044048,-4.937068399999999,05490,99,primaria,0511001001
100,Centro de Salud,Las Huelgas,,"PASEO DE LOS COMENDADORES, 2 (ANTIGUO HOSPITAL MILITAR, PABELLÓN 4)",42.33864169999999,-3.7188784,09001,100,primaria,0905908011
101,Centro de Salud,Las Navas del Marqués,,"TRAVESÍA GRUPO ESCOLAR, 10",40.6057673,-4.3328331,05230,101,primaria,0516801002
102,Centro de Salud,La Palomera,,"AVDA. SAN JUAN DE SAHAGÚN, S/N",42.60927759999999,-5.5644134,24007,102,primaria,2408904002
103,Centro de Salud,Jose Aguado I (León V),,"AVDA. JOSÉ AGUADO, S/N",42.58871059999999,-5.5648219,24005,103,primaria,2408906006
104,Centro de Salud,Lerma,,"C/ SUBIDA DE SAN MIGUEL, 19",42.0240561,-3.7541090000000006,09340,104,primaria,0919401002
105,Centro de Salud,Jose Aguado II (León VI),,"AVDA. JOSÉ AGUADO, S/N",42.58871059999999,-5.5648219,24005,105,primaria,2408906006
106,Centro de Salud,Herrera de Pisuerga,,"AVDA. MARIA AUXILIADORA, S/N",42.595999000000006,-4.3345236,34400,106,primaria,3408301001
107,Centro de Salud,Huerta de Rey,,"C/ CARIDAD, 33",41.83958809999999,-3.3488012999999994,09430,107,primaria,0917401001
108,Centro de Salud,La Bañeza I,,"C/ DOCTOR FLEMING, S/N",42.30663620000001,-5.907253700000001,24750,108,primaria,2401001004
109,Centro de Salud,La Bañeza II,,"C/ DOCTOR FLEMING, S/N",42.30663620000001,-5.907253700000001,24750,109,primaria,2401001004
110,Centro de Salud,La Cabrera (Truchas),,"C/ PIORNAL, S/N",42.2612133,-6.4320989,24740,110,primaria,2417201001
111,Centro de Salud,La Magdalena,,"AVDA. DE LA MAGDALENA, 4",42.7819301,-5.8040582,24009,111,primaria,2416701001
112,Centro de Salud,Ciudad Rodrigo,,"AVDA. SALAMANCA, 147-151",40.608903,-6.5231498,37500,112,primaria,3710702001
113,Centro de Salud,Pedrosillo El Ralo,,"C/ SANTA MARÍA, 22",41.06196859999999,-5.549467099999999,37427,113,primaria,3723801001
114,Centro de Salud,Valladolid Rural I,,"CTRA. DE VALLADOLID, S/N",41.653922699999995,-4.634894399999999,47170,114,primaria,4713301001
115,Centro de Salud,Segovia III,,"AVDA. VÍA ROMA, S/N",40.950571000000004,-4.112786,40003,115,primaria,4019407001
116,Centro de Salud,Casa del Barco (Campo Grande),,"PASEO DE FILIPINOS, 15 (1ª PLANTA)",41.644168500000006,-4.7322649,47007,116,primaria,4718602005
117,Centro de Salud,Centro - Gamazo (Campo Grande),,"PASEO DE FILIPINOS, 15 (2ª PLANTA)",41.644168500000006,-4.7322649,47007,117,primaria,4718602005
118,Centro de Salud,Fuentesaúco de Fuentidueña,,"C/ LA FUENTE, 10",41.425319999999985,-4.061749999999999,40355,118,primaria,4008901001
119,Centro de Salud,Vidriales,,"C/ DR. SEVERO OCHOA, 2",42.0734172,-6.0108865,49610,119,primaria,4920601001
120,Centro de Salud,Sanabria,,"C/ PADRE VICENTE SALGADO, 45",42.053759799999995,-6.627641499999998,49300,120,primaria,4916601001
121,Centro de Salud,Virgen de la Concha,,"AVDA. REQUEJO, 31",41.51325039999999,-5.732231,49022,121,primaria,4927501006
122,Centro de Salud,Aliste (Alcañices),,"C/ ALTO DE LA ATALAYA, S/N",41.6966592,-6.346287800000001,49500,122,primaria,4900301001
123,Centro de Salud,Benavente Norte,,"C/ RÍO CEA, S/N",42.00601749999999,-5.681255799999999,49600,123,primaria,4902101003
124,Centro de Salud,Puerta Nueva,,"C/ DE PUERTA NUEVA, 6",41.50221990000001,-5.741467999999999,49016,124,primaria,4927502003
125,Centro de Salud,Linares de Riofrío,,"CTRA. DE GUIJUELO, S/N",40.5827053,-5.914340599999999,37760,125,primaria,3717201001
126,Centro de Salud,Alfonso Sanchez Montero (Pizarrales),,"C/ ALFAREROS, S/N",40.97597619999999,-5.673705499999999,37006,126,primaria,3727404011
127,Centro de Salud,Cuéllar,,"C/ ESTUDIO, 3",41.39931959999999,-4.3134502,40200,127,primaria,4006302001
128,Centro de Salud,Barrio España,,"C/ COSTA BRAVA, S/N",41.6701611,-4.7112004,47010,128,primaria,4718608036
129,Centro de Salud,Cigales,,"C/ DEL RÍO, 7",41.75574650000001,-4.695640099999999,47270,129,primaria,4705001001
130,Centro de Salud,San Ildefonso (La Granja),,"C/ SAN JUAN DE NEPOMUCENO, S/N",40.902054599999985,-4.0048749,40100,130,primaria,4018101001
131,Centro de Salud,La Sierra (Navafría),,"C/ POBO, 2-8",41.05561,-3.824479999999999,40161,131,primaria,4013901001
132,Centro de Salud,Huerta del Rey,,"C/ RASTROJO, 14",41.65309280000001,-4.7433929,47014,132,primaria,4718610036
133,Centro de Salud,Osorno,,"CTRA. CARRIÓN, 9",42.40806270000001,-4.3652334999999995,34460,133,primaria,3490101001
134,Centro de Salud,Cervera de Pisuerga,,"C/ FELIPE CALVO, S/N",42.8624446,-4.493768199999999,34840,134,primaria,3405601001
135,Centro de Salud,Aranda Norte,,"C/ SANTIAGO, 7",41.672551799999994,-3.6799810000000006,09400,135,primaria,0901803004
136,Centro de Salud,Serrada,,C/ PEÑAS 3,41.45766649999998,-4.861502999999999,47239,136,primaria,4715901001
137,Centro de Salud,Camarzana de Tera,,"C/ CARRETERA, 72",41.9939623,-6.0319854,49332,137,primaria,4903301001
138,Centro de Salud,Muñana,,"C/ CARRETERA (AV-120), S/N",40.5858882,-5.0133358999999995,05540,138,primaria,0513501001
139,Centro de Salud,Parada del Molino,,"C/ PARADA DEL MOLINO, S/N",41.509836,-5.752839399999999,49026,139,primaria,4927505003
140,Centro de Salud,Parquesol,,"C/ CIUDAD DE LA HABANA, 17",41.6347645,-4.761467199999999,47016,140,primaria,4718610030
141,Centro de Salud,Villacastin,,"C/ NIEVES, S/N",40.7791874,-4.417449199999999,40150,141,primaria,4022501001
142,Centro de Salud,Soria Norte,,"PASEO DEL ESPOLON, 16",41.7649388,-2.4726826,42001,142,primaria,4217302003
143,Centro de Salud,Delicias II,,"PASEO DE JUAN CARLOS I, 18",41.6345215,-4.718659000000001,47013,143,primaria,4718604038
144,Centro de Salud,Villarcayo,,"C/ COMPLEJO DE LA RESIDENCIA, 4",42.94486379999999,-3.5679703,09550,144,primaria,0990301002
145,Centro de Salud,Toreno,,"C/ INSTITUTO, S/N",42.695530899999994,-6.5151689,24450,145,primaria,2416901001
146,Centro de Salud,Periurbana Sur,,"AVDA. PADRE IGNACIO ELLACURIA, 127",40.9582891,-5.684022699999999,37008,146,primaria,3727403010
147,Centro de Salud,Tábara,,"CTRA. DE RIOFRÍO, S/N",41.823359299999986,-5.966034100000001,49140,147,primaria,4921401001
148,Centro de Salud,Soria Rural,,"CTRA. LOGROÑO, 8",41.7711085,-2.4645196,42005,148,primaria,4217303002
149,Centro de Salud,Palencia Rural,,"AVDA. SAN TELMO, S/N (DENTRO DEL RECINTO DEL HOSPITAL SAN TELMO)",41.996437799999995,-4.5197528,34004,149,primaria,3412007018
150,Centro de Salud,Medina del Campo Urbano,,"C/ ALMIRANTE, S/N",41.3084663,-4.9168009,47400,150,primaria,4708502002
151,Centro de Salud,Benavente Sur,,"C/ FRAY TORIBIO, 2",42.0025768,-5.6752419000000005,49600,151,primaria,4902102003
152,Centro de Salud,Baltanás,,"AVDA. JUAN JOSE LUCAS, S/N",41.93699000000001,-4.248769999999998,34240,152,primaria,3402201001
153,Centro de Salud,La Condesa (León III),,"AVDA. CONDESA DE SAGASTA, 28",42.59926959999999,-5.5800461,24001,153,primaria,2408902008
154,Centro de Salud,Carbonero El Mayor,,"CTRA. DE BERNARDOS, 8",41.1238889,-4.2693011,40270,154,primaria,4004301002
155,Centro de Salud,Muñico,,"C/ DE LA SALUD, S/N (DETRÁS DE PZA. DEL FRONTÓN)",40.7051345,-5.0274524,05144,155,primaria,0513601001
156,Centro de Salud,San Andrés del Rabanedo (La Pinilla),,"C/ BURBIA, S/N",42.6056733,-5.5944174,24010,156,primaria,2414203002
157,Centro de Salud,Villalpando,,"Pº DE VENUS, S/N",41.86192750000001,-5.414433899999999,49630,157,primaria,4925001001
158,Centro de Salud,Sayago,,"PZA. DIPUTACIÓN, S/N",41.3649219,-6.115387599999998,49200,158,primaria,4902301001
159,Centro de Salud,Tordesillas,,"CTRA. VALLADOLID, 6",41.5028487,-4.9942122,47100,159,primaria,4716502002
160,Centro de Salud,Ávila Rural,,"C/ SANTA FE, S/N (ESQUINA C/ MADRIGAL DE LAS ALTAS TORRES)",40.65065769999999,-4.6853586,05003,160,primaria,0501905004
161,Centro de Salud,Lumbrales,,"C/ IMPERIAL, S/N",40.934800900000006,-6.717719399999999,37240,161,primaria,3717301001
162,Centro de Salud,Pintor Oliva,,"C/ DOCTOR FLEMING, S/N",42.00072480000001,-4.5225868,34004,162,primaria,3412007016
163,Centro de Salud,Medina de Pomar,,"C/ ORTIZ DE NAVACERRA, 2",42.93227739999999,-3.4878397,09500,163,primaria,0920901002
164,Centro de Salud,Fuenteguinaldo,,"PZA. DE LA CONSTITUCIÓN, 13",40.42890049999998,-6.675606799999998,37540,164,primaria,3713601001
165,Centro de Salud,San Pablo,,"C/ CARDENAL TORQUEMADA, S/N",41.658274799999994,-4.7268515,47010,165,primaria,4718609011
166,Centro de Salud,Rondilla I,,"C/ CARDENAL TORQUEMADA, 54",41.6643378,-4.7198649999999995,47010,166,primaria,4718608031
167,Centro de Salud,Alba de Tormes,,"C/ CORRALES DE LA DEHESA, S/N",40.821544200000005,-5.513321599999999,37800,167,primaria,3700801002
168,Centro de Salud,Ribera del Esla,,"C/ PELOTA, S/N",42.624267200000006,-5.2251311,24160,168,primaria,2407901001
169,Centro de Salud,Portillo,,"CAMINO DE LA BOMBA, S/N",41.47499109999999,-4.5893956,47160,169,primaria,4712202001
170,Centro de Salud,Capuchinos,,"C/ VALLES MINEROS, 36",40.98384500000001,-5.6672894,37006,170,primaria,3727404023
171,Centro de Salud,Ávila Sur Este,,"C/ D. JESÚS JIMENEZ, 6",40.6461232,-4.6857011,05003,171,primaria,0501904011
172,Centro de Salud,Eras de Renueva,,"C/ ABAD VIÑAYO, S/N",42.605738699999996,-5.584600399999999,24008,172,primaria,2408903016
173,Centro de Salud,Laguna de Duero,,"AVDA. LA LAGUNA, 1",41.585159999999995,-4.719553,47140,173,primaria,4707601001
174,Centro de Salud,Corrales del Vino,,"AVDA. DE LA GUARDIA CIVIL, 22",41.35885149999999,-5.7215099,49700,174,primaria,4905401001
175,Centro de Salud,Cistierna,,"C/ BATALLA DE LEPANTO, S/N",42.80516750000001,-5.1301262,24800,175,primaria,2405601001
176,Centro de Salud,Circunvalación,,"PZA. DEL BIÓLOGO JOSÉ ANTONIO VALVERDE, 5",41.644643499999994,-4.7113868,47012,176,primaria,4718606030
177,Centro de Salud,Pinares - Covaleda,,"C/ VIRGEN DEL CAMPO, 7",41.9343082,-2.8813964,42157,177,primaria,4206901001
178,Centro de Salud,Ponferrada I (San Antonio),,"PASEO SAN ANTONIO, 7",42.54747159999999,-6.588206099999998,24401,178,primaria,2411501002
179,Centro de Salud,San Esteban de Gormaz,,"AVDA. LA RAMBLA, S/N",41.57180249999999,-3.2006942,42330,179,primaria,4216201001
180,Centro de Salud,San Juan,,"AVDA. DE PORTUGAL, 83-89",40.9717564,-5.6608003999999985,37005,180,primaria,3727406003
181,Centro de Salud,Ponferrada III,,"C/ RAMÓN GONZÁLEZ ALEGRE, S/N",42.548361799999995,-6.610961999999999,24403,181,primaria,2411503006
182,Centro de Salud,Ponferrada II (Pico Tuerto),,"C/ VÍA PICO TUERTO, S/N",42.55239220000001,-6.5992790999999995,24402,182,primaria,2411502010
183,Centro de Salud,Ribera del Órbigo,,"C/ MAGISTERIO NACIONAL, S/N",42.5031463,-5.8934458,24280,183,primaria,2401501001
184,Centro de Salud,Sacramenia,,"C/ SEPULVEDA, 14",41.4935749,-3.9610852999999997,40237,184,primaria,4017401001
185,Centro de Salud,Los Comuneros,,"C/ JUAN DE PADILLA, 7",42.35043850000001,-3.6844575,09006,185,primaria,0905905039
186,Centro de Salud,Magdalena,,"C/ NUESTRA SEÑORA, 2",41.65986389999999,-4.7149989,47011,186,primaria,4718608006
187,Centro de Salud,Nava de la Asunción,,"PZA. DEL CAÑO DEL OBISPO, 1",41.15448599999999,-4.4888249,40450,187,primaria,4013801002
188,Centro de Salud,Ólvega,,"PZA. DE LA CONSTITUCIÓN, 1",41.7779767,-1.984679600000001,42110,188,primaria,4213401001
189,Centro de Salud,Peñafiel,,"C/ CRUZ ROJA, S/N",41.5982077,-4.1267323,47300,189,primaria,4711401001
190,Centro de Salud,Villadiego,,"C/ REYES CATÓLICOS, S/N",42.5142069,-4.010227400000001,09120,190,primaria,0942701001
191,Centro de Salud,Santa Clara,,"PZA. SANTA TERESA, S/N",42.3404093,-3.6929306,09002,191,primaria,0905907002
192,Centro de Salud,Segovia II (La Albuera),,C/ DEL PARQUE 37,40.94521929999999,-4.1063874,40004,192,primaria,4019406001
193,Centro de Salud,Sepúlveda,,"C/ EL POSTIGUILLO, 11",41.29957249999999,-3.7432514,40300,193,primaria,4019501001
194,Centro de Salud,Soria Sur (La Milagrosa),,"C/ NICOLÁS RABAL, 19",41.7630138,-2.4726925999999994,42003,194,primaria,4217302002
195,Centro de Salud,Toro,,"C/ CORTES DE TORO, S/N",41.52509679999999,-5.394863099999999,49800,195,primaria,4921902001
196,Centro de Salud,Tudela de Duero,,"C/ MARÍA ZAMBRANO, S/N",41.583397899999994,-4.5884597,47320,196,primaria,4717502003
197,Centro de Salud,Valladolid Rural II,,"C/ ERAS, S/N",41.66008219999999,-4.780825,47610,197,primaria,4723101003
198,Centro de Salud,Valle de Tobalina (Quintana Martín Galindez),,"CTRA. MIRANDA, 67",42.79227269999999,-3.2672611999999996,09210,198,primaria,0941201001
199,Centro de Salud,Valle de Valdebezana - Soncillo,,"C/ NICOLÁS GARCÍA, S/N",,,09572,199,primaria,0901101001
200,Centro de Salud,Bembibre,,"C/ MAESTRO ALBERTO CARBAJAL, S/N",42.61931979999999,-6.4177032,24300,200,primaria,2401401003
201,Centro de Salud,Cantalejo,,"CTRA. SEPÚLVEDA, 54",41.25826539999999,-3.9197931999999995,40320,201,primaria,4004001002
202,Centro de Salud,Burgohondo,,"PZA. MAYOR, S/N",40.414514399999995,-4.7855486,05113,202,primaria,0504101001
203,Centro de Salud,Cacabelos,,"C/ ÁNGEL GONZÁLEZ, 5",42.59885479999999,-6.7248356,24540,203,primaria,2403001001
204,Centro de Salud,Cantalapiedra,,"PZA. RAMÓN LAPORTA, 25",41.1251666,-5.1838863,37400,204,primaria,3708101001
205,Centro de Salud,La Alamedilla,,"AVDA. DE LOS COMUNEROS, 27-31",40.96875199999999,-5.655187799999998,37003,205,primaria,3727406017
206,Centro de Salud,Aranda Sur,,"C/ BURGO DE OSMA, 53",41.6664948,-3.687820500000001,09400,206,primaria,0901801007
207,Centro de Salud,Arévalo,,"AVDA. EMILIO ROMERO, S/N",41.05498279999999,-4.7135016,05200,207,primaria,0501602005
208,Centro de Salud,Astorga I,,"C/ GASPAR BECERRA, S/N",42.4626285,-6.062106100000001,24700,208,primaria,2400802002
209,Centro de Salud,Ávila Sur Oeste,,"C/ FRAY GIL, 10",40.648354299999994,-4.6961111,05003,209,primaria,0501904008
210,Centro de Salud,La Pola de Gordón (Cuenca del Bernesga),,"AVDA. CARDENAL AGUIRRE, S/N",42.854166,-5.670598199999999,24600,210,primaria,2411401001
211,Centro de Salud,Delicias I,,"PASEO JUAN CARLOS I, 18",41.6345215,-4.718659000000001,47013,211,primaria,4718604038
212,Centro de Salud,Plaza del Ejército,,"C/ HÍPICA, S/N",41.63719429999999,-4.7364866,47007,212,primaria,4718611004
213,Centro de Salud,Guardo,,"C/ SANTA BARBARA, S/N",42.7899348,-4.848426199999999,34880,213,primaria,3408002002
214,Centro de Salud,La Victoria I,,"PASEO DEL JARDÍN BOTÁNICO, 3",41.668019199999996,-4.7348659999999985,47009,214,primaria,4718610046
215,Centro de Salud,Ledesma,,"PZA. DEL MERCADO, S/N",41.08783,-6.00231,37100,215,primaria,3717001001
216,Centro de Salud,Crucero (León IV),,"C/ CARDENAL CISNEROS, 22",42.59990009999999,-5.590177699999998,24009,216,primaria,2408907008
217,Centro de Salud,Riaño,,"C/ SOLASIERRA, S/N",42.97520259999999,-5.000550999999999,24900,217,primaria,2413001001
218,Centro de Salud,Guijuelo,,"C/ TESO DE LA FERIA, S/N",40.560125600000006,-5.670624399999999,37770,218,primaria,3715601003
219,Centro de Salud,La Puebla,,"C/ ALONSO FERNÁNDEZ DE MADRID, S/N",42.006589,-4.5262864,34002,219,primaria,3412005002
220,Centro de Salud,Fuentes de Oñoro,,"C/ PEDRO MATEOS, 58",40.5970025,-6.819800000000001,37480,220,primaria,3714001001
221,Centro de Salud,Villablino,,"AVDA. DE ASTURIAS, S/N",42.943097699999996,-6.331280300000001,24100,221,primaria,2420203001
222,Centro de Salud,Paredes de Nava,,"CTRA. CIRCUNVALACIÓN, 22",42.1492458,-4.693258100000001,34300,222,primaria,3412301002
223,Centro de Salud,Alto Sanabria,,"C/ SOUTO DA FEIRA, S/N",42.035658299999994,-6.907703799999999,49570,223,primaria,4910001001
224,Centro de Salud,Robleda,,"C/ CALZADA, S/N",40.3844304,-6.6087916999999985,37521,224,primaria,3726901001
225,Centro de Salud,Salas de los Infantes,,"C/ PARQUE LARA, S/N",42.01795560000001,-3.2868145000000006,09600,225,primaria,0933001001
226,Centro de Salud,Peñaranda de Bracamonte,,"AVDA. DE LOS JARDINES, 3",40.8985333,-5.202890999999999,37300,226,primaria,3724601001
227,Centro de Salud,Sedano,,"C/ BURGOS, S/N (BARRIO DE LAS ERAS)",42.71284200000001,-3.748268,09142,227,primaria,0990501001
228,Centro de Salud,San Pedro Manrique,,"CTRA. MEDIANA, S/N",42.027756100000005,-2.2311907999999994,42174,228,primaria,4216501001
229,Centro de Salud,Eras del Bosque,,"C/ ERAS DEL BOSQUE, S/N",42.01576009999999,-4.5316575,34003,229,primaria,3412005008
230,Centro de Salud,Espinosa de los Monteros,,"C/ EL PROGRESO, 22-24",43.0754895,-3.5492971000000004,09560,230,primaria,0912401001
231,Centro de Salud,Sancti-Spiritus - Canalejas (Filiberto Villalobos),,"C/ SANCTI-SPIRITUS, 43",40.96493929999999,-5.658451699999999,37001,231,primaria,3727402001
232,Centro de Salud,Gamonal Antigua,,"AVDA. ELADIO PERLADO, 1",42.35319849999999,-3.6673994,09007,232,primaria,0905909012
233,Centro de Salud,Los Jardinillos,,"C/ ALONSO FERNANDEZ DE MADRID, 1",42.01411730000002,-4.5336644999999995,34001,233,primaria,3412003001
234,Centro de Salud,La Alberca,,"AVDA. LAS BATUECAS, S/N",40.4898826,-6.112010000000001,37624,234,primaria,3701001001
235,Centro de Salud,Tamames,,"PZA. DEL MERCADO, S/N",40.6562382,-6.1077892,37600,235,primaria,3731601001
236,Centro de Salud,Torquemada,,"PZA. DE LOS BUEYES, 13",42.03546159999999,-4.3171806,34230,236,primaria,3418201001
237,Centro de Salud,Valencia de Don Juan,,"C/ DR. FLEMING, S/N",42.2942079,-5.5125667,24200,237,primaria,2418801001
238,Centro de Salud,Valle de Mena (Villasana de Mena),,"C/ NOCEDERA, S/N",43.09913479999999,-3.2827556,09580,238,primaria,0941001001
239,Centro de Salud,Mansilla de las Mulas,,"AVDA. VILLA DE LIL, S/N",42.49574779999999,-5.4196819,24210,239,primaria,2409401001
240,Centro de Salud,Matilla de los Caños,,"C/ CUARTEL, S/N",40.82490869999997,-5.943602499999998,37450,240,primaria,3718701001
241,Centro de Salud,Mayorga,,"C/ POLICLÍNICA, S/N",42.16860019999999,-5.264358199999998,47680,241,primaria,4708401001
242,Centro de Salud,Melgar de Fernamental,,"C/ CRUZ DE LA RIBERA, S/N",42.40388659999999,-4.247838899999999,09100,242,primaria,0921101001
243,Centro de Salud,Miranda del Castañar,,"AVDA. DE LA CONSTITUCIÓN, 17",40.48401239999999,-5.9957389999999995,37660,243,primaria,3719301001
244,Centro de Salud,Miranda Oeste,,"C/ CONDADO DE TREVIÑO, 20",42.683451999999996,-2.9457374000000005,09200,244,primaria,0921903003
245,Centro de Salud,Mota del Marqués,,"C/ SAN SEBASTIÁN, S/N",41.6337807,-5.1782073,47120,245,primaria,4709701001
246,Centro de Salud,Villada,,"C/ CARLOS CASADO DEL ALISAL, S/N",42.24887769999999,-4.966132300000001,34340,246,primaria,3420601001
247,Centro de Salud,Villafrechós,,"CTRA. VILLALPANDO, S/N",41.89485579999999,-5.213380999999999,47810,247,primaria,4720501001
248,Centro de Salud,Villalón de Campos,,"AVDA. DEL PARQUE, 12",42.093697399999996,-5.038636,47600,248,primaria,4721401001
249,Centro de Salud,Villarramiel,,"C/ SANTA MARIA, S/N",42.0450464,-4.913608599999999,34140,249,primaria,3423201001
250,Centro de Salud,Campos - Lampreana,,"C/ SANTA TERESA, 62",41.7974368,-5.638733499999999,49137,250,primaria,4926801001
251,Centro de Salud,Villoria,,"C/ CAÑADA, 2",40.9918675,-5.3762476999999995,37339,251,primaria,3737401001
252,Centro de Salud,Trobajo del Camino,,"C/ BUENAVENTURA DURRUTI, 1",42.596943,-5.611319499999999,24010,252,primaria,2414202010
253,Centro de Salud,Garrido Sur (La Alamedilla),,"AVDA. DE LOS COMUNEROS, 27-31",40.9688986,-5.655243699999999,37003,253,primaria,3727406017
254,Centro de Salud,El Burgo de Osma,,"C/ ACOSTA, 38",41.58954500000001,-3.0632153,42300,254,primaria,4204301001
255,Centro de Salud,Condado de Treviño,,"CTRA. MIRANDA, 34",42.733063599999994,-2.7514823,09215,255,primaria,0910901001
256,Centro de Salud,San Isidro - Pajarillos (La Tórtola),,"C/ TÓRTOLA, 19",41.64484819999999,-4.7095264,47012,256,primaria,4718606014
257,Centro de Salud,Ignacio López Sáiz,,"C/ JOSÉ Mª DE LA PUENTE, 1",42.3525724,-3.6920578000000006,09006,257,primaria,0905905032
258,Centro de Salud,Canterac,,"AVDA. SEGOVIA, 23",41.6425896,-4.7212352,47013,258,primaria,4718604001
259,Centro de Salud,Miguel Armijo Moreno,,"C/ ARAPILES, 25",40.9697673,-5.672781899999998,37007,259,primaria,3727404006
260,Centro de Salud,Plaza Circular,,"C/ DR. MONTERO, 2",41.650487000000005,-4.714535400000001,47005,260,primaria,4718606018
261,Centro de Salud,Ponferrada IV (Cuatrovientos),,"C/ RUBÉN DARÍO, 53",42.55793430000001,-6.621411499999999,24404,261,primaria,2411505006
262,Centro de Salud,Medina del Campo Rural,,"C/ DEL REY, 1",41.3083166,-4.9171237,47400,262,primaria,4708502002
263,Centro de Salud,Zamora Norte,,"C/ ALTO DE SAN LÁZARO, S/N",41.51703260000001,-5.7519562,49025,263,primaria,4927505009
264,Centro de Salud,Boñar,,"C/ LAS ESCUELAS, S/N",42.86719900000001,-5.322928799999999,24850,264,primaria,2402101001
265,Centro de Salud,Aldeadávila de la Ribera,,"C/ SEGUNDA DE ERAS, S/N",41.216937,-6.615468699999998,37250,265,primaria,3701401001
266,Centro de Salud,Arcos de Jalón,,"CTRA. DE MARANCHÓN, S/N",41.2125985,-2.277345400000001,42250,266,primaria,4202501001
267,Centro de Salud,Babia,,CTRA. VENTANA S/N,42.96905539999998,-6.001805499999999,24144,267,primaria,2414501001
268,Centro de Salud,Béjar (María Auxiliadora),,"C/ LAS JUSTAS, 13",40.38641439999999,-5.755495999999999,37700,268,primaria,3704604005
269,Centro de Salud,El Espinar,,"C/ CAÑADA MARI GARCÍA, 5",40.723097899999985,-4.246309399999999,40400,269,primaria,4007601001
270,Centro de Salud,Garrido Norte (Sisinio de Castro),,"C/ DEL ROMERO, S/N",40.97887759999998,-5.655767499999999,37004,270,primaria,3727405025
271,Centro de Salud,Gamonal - Las Torres,,"C/ VICENTE ALEXANDRE, 2",42.35420269999998,-3.6762665000000005,09007,271,primaria,0905909038
272,Centro de Salud,Íscar,,"C/ RONDA, 14",41.361335299999986,-4.531999799999999,47420,272,primaria,4707501001
273,Centro de Salud,La Guareña (Fuentesaúco),,"C/ ARRABAL DE SAN PEDRO, S/N",41.232178499999996,-5.499112399999999,49400,273,primaria,4908102001
274,Centro de especialidades o polivalente,Centro de Especialidades Pilarica,,"C/ DOCE DE OCTUBRE, S/N",41.65373889999999,-4.7107386,47011,274,especializada,4718607016
275,Centro de especialidades o polivalente,Centro de Especialidades de Villarcayo,,"C/ COMPLEJO DE LA RESIDENCIA, 4",42.94486379999999,-3.5679703,09550,275,especializada,0990301002
276,Centro de especialidades o polivalente,Centro de Especialidades José Aguado,,"C/ JOSÉ AGUADO, S/N",42.58871059999999,-5.5648219,24005,276,especializada,2408906006
277,Centro de especialidades o polivalente,Centro de Especialidades de Cervera de Pisuerga,,"C/ FELIPE CALVO, 5",42.8624446,-4.493768199999999,34840,277,especializada,3405601001
278,Centro de especialidades o polivalente,Centro de Especialidades de Benavente,,"C/ RIO CEA, S/N",42.00601749999999,-5.681255799999999,49600,278,especializada,4902101003
279,Centro de especialidades o polivalente,Centro de Especialidades Arturo Eyries,,"C/ PUERTO RICO, S/N",41.634311700000005,-4.748222,47014,279,especializada,4718610049
280,Centro de especialidades o polivalente,Centro de Especialidades de Villablino,,"AVDA. DE ASTURIAS, S/N",42.943097699999996,-6.331280300000001,24100,280,especializada,2420203001
281,Centro de especialidades o polivalente,Centro de Especialidades Delicias,,"C/ TRABAJO, 9-13",41.64229539999998,-4.7205989,47000,281,especializada,4718604001
282,Centro de especialidades o polivalente,Servicio de Rehabilitacion y Neurofisiología del Complejo Asistencial de Zamora,,"AVDA. DE REQUEJO (ANTIGUO CENTRO BASE), 28",41.5143526,-5.730280799999999,49000,282,especializada,4927502013
283,Centro de especialidades o polivalente,Hospital Clínico Universitario de Valladolid - Edificio Rondilla,,"AVDA. CARDENAL TORQUEMADA, S/N",41.65880980000002,-4.7266745,47000,283,especializada,4718609011
284,Centro de especialidades o polivalente,Centro de Especialidades de Astorga,,"C/ GASPAR BECERRA, S/N",42.4626285,-6.062106100000001,24700,284,especializada,2400802002
285,Centro de especialidades o polivalente,Centro de Especialidades Periférico de Aranda de Duero,,"C/ BURGO DE OSMA, 53",41.6664948,-3.687820500000001,09400,285,especializada,0901801007
286,Centro de especialidades o polivalente,Centro de Especialidades de Arenas de San Pedro,,"PASEO PINTOR MARTÍNEZ VÁZQUEZ, S/N",40.21180759999999,-5.085336399999999,05400,286,especializada,0501402002
287,Centro de especialidades o polivalente,Centro de Especialidades La Bañeza,,"C/ DOCTOR FLEMING, S/N",42.30663620000001,-5.907253700000001,24750,287,especializada,2401001004
288,Centro de especialidades o polivalente,Centro de Especialidades Periférico de Ávila,,"PASEO DE LA ESTACIÓN, 28",40.65674920000001,-4.6856894,05001,288,especializada,0501906002
289,Centro de especialidades o polivalente,Centro de Especialidades Hermanos Larrucea (La Condesa),,"AVDA. CONDESA SAGASTA, 26-28",42.59926959999999,-5.5800461,24001,289,especializada,2408902008
290,Centro de especialidades o polivalente,Centro de Especialidades de Guardo,,"C/ SANTA BÁRBARA, S/N",42.7891222,-4.845025099999999,34880,290,especializada,3408002002
291,Centro de especialidades o polivalente,Centro de Especialidades de Ciudad Rodrigo,,"AVDA. SALAMANCA, 147-151",40.608903,-6.5231498,37500,291,especializada,3710702001
292,Punto de Atención Continuada,Valderas,,"CTRA. BENAVENTE, S/N",42.0759722,-5.445616899999999,24220,292,primaria,2418101002
293,Punto de Atención Continuada,Villablino,,"AVDA. DE ASTURIAS, S/N",42.93844599999999,-6.320777999999999,24100,293,primaria,2420201004
294,Punto de Atención Continuada,Mombeltrán,,"C/ JOSÉ MANUEL FERNÁNDEZ DE SANTIAGO, S/N",40.2585881,-5.016031600000001,05410,294,primaria,0513201001
295,Punto de Atención Continuada,Guardo,,"C/ SANTA BÁRBARA, S/N",42.7899348,-4.848426199999999,34880,295,primaria,3408002002
296,Punto de Atención Continuada,Paredes de Nava,,"CTRA. CIRCUNVALACIÓN, 22",42.1492458,-4.693258100000001,34300,296,primaria,3412301002
297,Punto de Atención Continuada,Osorno,,"CTRA. CARRIÓN, 9",42.40806270000001,-4.3652334999999995,34460,297,primaria,3490101001
298,Punto de Atención Continuada,Ciudad Rodrigo,,"AVDA. SALAMANCA, 147-151",40.608903,-6.5231498,37500,298,primaria,3710702001
299,Punto de Atención Continuada,Guijuelo,,"C/ TESO DE LA FERIA, S/N",40.560125600000006,-5.670624399999999,37770,299,primaria,3715601003
300,Punto de Atención Continuada,Miranda del Castañar,,"AVDA. DE LA CONSTITUCIÓN, 17",40.48401239999999,-5.9957389999999995,37660,300,primaria,3719301001
301,Punto de Atención Continuada,Sahagún,,"AVDA. DE LA CONSTITUCIÓN, 10",42.37218600000001,-5.0316413,24320,301,primaria,2413901002
302,Punto de Atención Continuada,Carbonero El Mayor,,"CTRA. DE BERNARDOS, 8",41.1238889,-4.2693011,40270,302,primaria,4004301002
303,Punto de Atención Continuada,Navafría,,"C/ POBO, 2-8",41.05534649999999,-3.8239532,40161,303,primaria,4013901001
304,Punto de Atención Continuada,Sepúlveda,,"C/ EL POSTIGUILLO, 11",41.29957249999999,-3.7432514,40300,304,primaria,4019501001
305,Punto de Atención Continuada,Almazán,,"C/ FERIAL, S/N",41.490487999999985,-2.529267800000001,42200,305,primaria,4202001003
306,Punto de Atención Continuada,Santa Marta de Tormes,,"C/ PADRE IGNACIO ELLACURÍA, S/N",40.95080389999999,-5.628974999999999,37900,306,primaria,3729401001
307,Punto de Atención Continuada,Aguilar de Campoo,,"PASEO DEL SOTO, 5",42.794205700000006,-4.2635808,34800,307,primaria,3400401001
308,Punto de Atención Continuada,Villadiego,,"C/ REYES CATÓLICOS, S/N",42.5142069,-4.010227400000001,09120,308,primaria,0942701001
309,Punto de Atención Continuada,Torquemada,,"C/ VICTORIO MACHO, 9",42.035302699999995,-4.316728599999999,34230,309,primaria,3418201001
310,Punto de Atención Continuada,Villasana de Mena,,"C/ NOCEDERA, S/N",43.09913479999999,-3.2827556,09580,310,primaria,0941001001
311,Punto de Atención Continuada,Belorado,,"C/ LAS CERCAS, 2",42.4199531,-3.190815,09250,311,primaria,0904801001
312,Punto de Atención Continuada,Lumbrales,,"C/ IMPERIAL, S/N",40.934800900000006,-6.717719399999999,37240,312,primaria,3717301001
313,Punto de Atención Continuada,Bembibre,,"C/ MAESTRO ALBERTO CARBAJAL, S/N",42.61931979999999,-6.4177032,24300,313,primaria,2401401003
314,Punto de Atención Continuada,Santa María del Páramo,,"C/ PALOMARES, 1",42.3560491,-5.7506898,24240,314,primaria,2415701002
315,Punto de Atención Continuada,Arrabal de Portillo,,"CAMINO DE LA BOMBA, S/N",41.47499109999999,-4.5893956,47160,315,primaria,4712202001
316,Punto de Atención Continuada,Eras de Renueva,,"C/ ABAD VIÑAYO, S/N",42.605738699999996,-5.584600399999999,24008,316,primaria,2408903016
317,Punto de Atención Continuada,Pedrosillo El Ralo,,"C/ SANTA MARÍA, 22",41.06196859999999,-5.549467099999999,37427,317,primaria,3723801001
318,Punto de Atención Continuada,San Emiliano de Babia,,CTRA. VENTANA S/N,42.96905539999998,-6.001805499999999,24144,318,primaria,2414501001
319,Punto de Atención Continuada,Soria Sur (La Milagrosa),,"C/ NICOLAS RABAL, 19",41.7630138,-2.4726925999999994,42003,319,primaria,4217302002
320,Punto de Atención Continuada,Rondilla,,"C/ CARDENAL TORQUEMADA, 54",41.6643378,-4.7198649999999995,47010,320,primaria,4718608031
321,Punto de Atención Continuada,La Fuente de San Esteban,,"PZA. ESPAÑA, S/N",40.801484099999996,-6.2585555,37200,321,primaria,3713501001
322,Punto de Atención Continuada,La Alberca,,"AVDA. LAS BATUECAS, S/N",40.4898826,-6.112010000000001,37624,322,primaria,3701001001
323,Punto de Atención Continuada,Soncillo,,"C/ NICOLÁS GARCÍA, S/N",42.967367900000006,-3.7826763000000003,09572,323,primaria,0941301001
324,Punto de Atención Continuada,Venta de Baños,,"C/ ANTONIO MACHADO, S/N",41.92179990000001,-4.4899822,34200,324,primaria,3402301001
325,Punto de Atención Continuada,Medina de Pomar,,"C/ ORTIZ DE NAVACERRA, 2",42.93227739999999,-3.4878397,09500,325,primaria,0920901002
326,Punto de Atención Continuada,Villalpando,,"Pº DE VENUS, S/N",41.86192750000001,-5.414433899999999,49630,326,primaria,4925001001
327,Punto de Atención Continuada,Lanzahíta,,"C/ FELIPE VELASCO, S/N",40.2044048,-4.937068399999999,05490,327,primaria,0511001001
328,Punto de Atención Continuada,Villafrechós,,"CTRA. VILLALPANDO, S/N",41.89485579999999,-5.213380999999999,47810,328,primaria,4720501001
329,Punto de Atención Continuada,Baltanás,,"AVDA. JUAN JOSÉ LUCAS, S/N",41.93699000000001,-4.248769999999998,34240,329,primaria,3402201001
330,Punto de Atención Continuada,Arenas de San Pedro,,"PASEO PINTOR MARTÍNEZ VÁZQUEZ, 21",40.21180759999999,-5.085336399999999,05400,330,primaria,0501402002
331,Punto de Atención Continuada,Boñar,,"C/ LAS ESCUELAS, S/N",42.86719900000001,-5.322928799999999,24850,331,primaria,2402101001
332,Punto de Atención Continuada,San Juan,,"AVDA. DE PORTUGAL, 83-89 (ENTRADA POR LA PARTE POSTERIOR, C/ VALENCIA)",40.9717564,-5.6608003999999985,37005,332,primaria,3727406003
333,Punto de Atención Continuada,Toro,,"C/ CORTES DE TORO, S/N",41.52509679999999,-5.394863099999999,49800,333,primaria,4921902001
334,Punto de Atención Continuada,Miranda de Ebro,,"C/ CIUDAD DE VIERZÓN, 11",42.6863439,-2.9357788,09200,334,primaria,0921903012
335,Punto de Atención Continuada,Mombuey,,"PZA. DEL AYUNTAMIENTO, 6",42.0240376,-6.332105499999999,49310,335,primaria,4912101001
336,Punto de Atención Continuada,Benavides de Órbigo,,"C/ MAGISTERIO NACIONAL, S/N",42.501998799999996,-5.893874699999999,24280,336,primaria,2401501001
337,Punto de Atención Continuada,José Aguado,,"AVDA. JOSÉ AGUADO, S/N",42.58871059999999,-5.5648219,24005,337,primaria,2408906006
338,Punto de Atención Continuada,Palencia,,"AVDA. MODESTO LAFUENTE, 2",42.006589,-4.5262864,34002,338,primaria,3412005002
339,Punto de Atención Continuada,Robleda,,"C/ CALZADA, S/N",40.3844304,-6.6087916999999985,37521,339,primaria,3726901001
340,Punto de Atención Continuada,Fuentesaúco de Fuentidueña,,"C/ LA FUENTE, 10",41.425319999999985,-4.061749999999999,40355,340,primaria,4008901001
341,Punto de Atención Continuada,Villamuriel de Cerrato,,"AVDA. VALDEGUDIN, S/N",41.952549099999985,-4.5151135999999985,34190,341,primaria,3422501002
342,Punto de Atención Continuada,Vitigudino,,"C/ ALAMEDA, 2",41.00384029999999,-6.437845199999997,37210,342,primaria,3737601001
343,Punto de Atención Continuada,Renedo de Esgueva,,"CTRA. DE VALLADOLID, S/N",41.653922699999995,-4.634894399999999,47170,343,primaria,4713301001
344,Punto de Atención Continuada,Covaleda,,"C/ VIRGEN DEL CAMPO, 7",41.9343082,-2.8813964,42157,344,primaria,4206901001
345,Punto de Atención Continuada,Gómara,,"CTRA. DE ALMAZÁN, S/N",41.62265439999998,-2.2233568,42120,345,primaria,4209601001
346,Punto de Atención Continuada,Ólvega,,"PZA. DE LA CONSTITUCIÓN, 1",41.7779767,-1.984679600000001,42110,346,primaria,4213401001
347,Punto de Atención Continuada,San Esteban de Gormaz,,"AVDA. LA RAMBLA, S/N",41.57180249999999,-3.2006942,42330,347,primaria,4216201001
348,Punto de Atención Continuada,San Pedro Manrique,,"CTRA. MEDIANA, S/N",42.027756100000005,-2.2311907999999994,42174,348,primaria,4216501001
349,Punto de Atención Continuada,Arroyo de la Encomienda,,"PZA. ESPAÑA, 5",41.62586159999999,-4.774127199999999,47195,349,primaria,4701001006
350,Punto de Atención Continuada,Trobajo del Camino,,"C/ BUENAVENTURA DURRUTI, 1",42.596943,-5.611319499999999,24010,350,primaria,2414202010
351,Punto de Atención Continuada,Esguevillas de Esgueva,,"C/ DEMOCRACIA, 2",41.7464802,-4.3814172,47176,351,primaria,4706101001
353,Punto de Atención Continuada,Laguna de Duero,,"AVDA. LA LAGUNA, 1",41.58526,-4.719404000000001,47140,352,primaria,4707601001
354,Punto de Atención Continuada,Mayorga,,"C/ POLICLÍNICA, S/N",42.16860019999999,-5.264358199999998,47680,353,primaria,4708401001
355,Punto de Atención Continuada,Medina del Campo,,"C/ ALMIRANTE, S/N",41.3084663,-4.9168009,47400,354,primaria,4708502002
356,Punto de Atención Continuada,Mota del Marqués,,"C/ SAN SEBASTIÁN, S/N",41.6337807,-5.1782073,47120,355,primaria,4709701001
357,Punto de Atención Continuada,Villarcayo,,"C/ COMPLEJO DE LA RESIDENCIA, 4",42.94486379999999,-3.5679703,09550,356,primaria,0990301002
358,Punto de Atención Continuada,Serrada,,C/ PEÑAS 3,41.45766649999998,-4.861502999999999,47239,357,primaria,4715901001
359,Punto de Atención Continuada,Tudela de Duero,,"C/ MARÍA ZAMBRANO, S/N",41.583397899999994,-4.5884597,47320,358,primaria,4717502003
360,Punto de Atención Continuada,Arturo Eyries,,"C/ PUERTO RICO, 1",41.634311700000005,-4.748222,47014,359,primaria,4718610049
361,Punto de Atención Continuada,Zaratán,,"C/ EUSEBIO GONZALEZ SUAREZ, S/N",41.66008219999999,-4.780825,47610,360,primaria,4723101003
362,Punto de Atención Continuada,Alcañices,,C/ ALTO DE LA ATALAYA,41.6966592,-6.346287800000001,49500,361,primaria,4900301001
363,Punto de Atención Continuada,Bermillo de Sayago,,"C/ EZEQUIEL ELENO, S/N",41.36456409999999,-6.121835499999999,49200,362,primaria,4902301001
364,Punto de Atención Continuada,Carbajales de Alba,,"C/ DEL ORO, S/N",41.6507436,-5.9927341,49160,363,primaria,4903601001
365,Punto de Atención Continuada,Corrales del Vino,,"AVDA. DE LA GUARDIA CIVIL, 22",41.35885149999999,-5.7215099,49700,364,primaria,4905401001
366,Punto de Atención Continuada,Puebla de Sanabria,,"BARRIO DE SAN FRANCISCO, C/ HOSPITALILLO, S/N",42.053759799999995,-6.627641499999998,49300,365,primaria,4916601001
367,Punto de Atención Continuada,Santibáñez de Vidriales,,"C/ DR. SEVERO OCHOA, 2",42.07352829999999,-6.011085899999999,49610,366,primaria,4920601001
368,Punto de Atención Continuada,Arcos de Jalón,,"CTRA. DE MARANCHÓN, S/N",41.2125985,-2.277345400000001,42250,367,primaria,4202501001
369,Punto de Atención Continuada,Villarrín de Campos,,"C/ SANTA TERESA, S/N",41.7974368,-5.638733499999999,49137,368,primaria,4926801001
370,Punto de Atención Continuada,Tábara,,"CTRA. DE RIOFRÍO, S/N",41.82329259999999,-5.9659571,49140,369,primaria,4921401001
371,Punto de Atención Continuada,Lubián,,"C/ SOUTO DA FEIRA, S/N",42.035658299999994,-6.907703799999999,49570,370,primaria,4910001001
372,Punto de Atención Continuada,Camarzana de Tera,,"C/ CARRETERA, 72",41.9939623,-6.0319854,49332,371,primaria,4903301001
373,Punto de Atención Continuada,Benavente,,"C/ FRAY TORIBIO, 2",42.0025768,-5.6752419000000005,49600,372,primaria,4902102003
374,Punto de Atención Continuada,Villalón de Campos,,"AVDA. DEL PARQUE, 12",42.0938573,-5.039902199999999,47600,373,primaria,4721401001
375,Punto de Atención Continuada,Pilarica,,"C/ DOCE DE OCTUBRE, S/N",41.65373889999999,-4.7107386,47005,374,primaria,4718607016
376,Punto de Atención Continuada,Zamora,,"C/ SANTA ELENA, 12",41.5111324,-5.745282399999999,49007,375,primaria,4927501010
377,Punto de Atención Continuada,Villacastín,,"C/ NIEVES, S/N",40.7791874,-4.417449199999999,40150,376,primaria,4022501001
378,Punto de Atención Continuada,San Leonardo de Yagüe,,"C/ SAN PEDRO, S/N",41.829353399999995,-3.0654067,42140,377,primaria,4216401001
379,Punto de Atención Continuada,Alaejos,,"PZA. SANTA MARÍA, S/N",41.30961929999999,-5.213722499999999,47510,378,primaria,4700401002
380,Punto de Atención Continuada,Cigales,,"C/ DEL RÍO, 7",41.75574650000001,-4.695640099999999,47270,379,primaria,4705001001
381,Punto de Atención Continuada,Medina de Rioseco,,"PZA. MAYOR, 2",41.8806557,-5.0411579999999985,47800,380,primaria,4708601001
382,Punto de Atención Continuada,Olmedo,,"C/ CALABAZAS, 2",41.284531099999995,-4.6819657999999995,47410,381,primaria,4710402001
383,Punto de Atención Continuada,Burgohondo,,"PZA. MAYOR, S/N",,,05113,382,primaria,0504101001
384,Punto de Atención Continuada,Condado de Treviño,,"CTRA. MIRANDA, 34",42.73517369999999,-2.7484091000000004,09215,383,primaria,0910901001
385,Punto de Atención Continuada,Cacabelos,,"C/ ÁNGEL GONZÁLEZ, 5",42.59885479999999,-6.7248356,24540,384,primaria,2403001001
386,Punto de Atención Continuada,Ledesma,,"PZA. DEL MERCADO, S/N",41.08783,-6.00231,37100,385,primaria,3717001001
387,Punto de Atención Continuada,Segovia III - San Lorenzo,,"AVDA. VÍA ROMA, S/N",40.950571000000004,-4.112786,40003,386,primaria,4019407001
388,Punto de Atención Continuada,Muñico,,"C/ DE LA SALUD, S/N (DETRÁS DE PZA. DEL FRONTÓN)",40.7051345,-5.0274524,05144,387,primaria,0513601001
389,Punto de Atención Continuada,Delicias,,"Pº JUAN CARLOS I, Nº18",41.6345215,-4.718659000000001,47013,388,primaria,4718604038
390,Punto de Atención Continuada,Tordesillas,,"AVDA. DE VALLADOLID, S/N",41.5028487,-4.9942122,47100,389,primaria,4716502002
391,Punto de Atención Continuada,Peñafiel,,"C/ CRUZ ROJA, S/N",41.5982077,-4.1267323,47300,390,primaria,4711401001
392,Punto de Atención Continuada,San Pedro del Arroyo,,"C/ LA SALUD, 1",40.8011688,-4.869219899999999,05350,391,primaria,0522001001
393,Punto de Atención Continuada,Fuenteguinaldo,,"PZA. DE LA CONSTITUCIÓN, 13",40.42890049999998,-6.675606799999998,37540,392,primaria,3713601001
394,Punto de Atención Continuada,Navarredonda de Gredos,,"C/ LAS MOZAS, S/N",40.3616435,-5.1315989,05635,393,primaria,0516501001
395,Punto de Atención Continuada,Pampliega,,"C/ LAS ERAS, S/N",42.2045017,-3.9862168,09220,394,primaria,0925001001
396,Punto de Atención Continuada,Riaño,,"C/ SOLASIERRA, S/N",42.97520259999999,-5.000550999999999,24900,395,primaria,2413001001
397,Punto de Atención Continuada,Fontiveros,,"PASEO CHICO, 1",40.92827520000001,-4.963254399999999,05310,396,primaria,0507401001
398,Punto de Atención Continuada,Aranda,,"C/ BURGO DE OSMA, 53",41.6664948,-3.687820500000001,09400,397,primaria,0901801007
399,Punto de Atención Continuada,Briviesca,,"C/ SANTA ANA AL RIO, 36",42.551441,-3.3220697000000006,09240,398,primaria,0905601003
400,Punto de Atención Continuada,Huerta de Rey,,"C/ CARIDAD, 33",41.83958809999999,-3.3488012999999994,09430,399,primaria,0917401001
401,Punto de Atención Continuada,Roa,,"CTRA. MAMBRILLA, S/N",41.6961724,-3.9323821,09300,400,primaria,0932101001
402,Punto de Atención Continuada,Fabero,,"PZA. DE LA CORTINA, S/N",42.76821689999999,-6.627723499999999,24420,401,primaria,2407001001
403,Punto de Atención Continuada,Armunia,,"C/ SAN JUAN BOSCO, S/N",42.5807712,-5.5863856,24190,402,primaria,2408909001
404,Punto de Atención Continuada,Hospital de Béjar,,"TRAVESÍA DE SANTA ANA, 4",40.385115799999994,-5.766349399999999,37700,403,primaria,3704602001
405,Punto de Atención Continuada,Mansilla de las Mulas,,"AVDA. VILLA DE LIL, S/N",42.49574779999999,-5.4196819,24210,404,primaria,2409401001
406,Punto de Atención Continuada,Puente de Domingo Flórez,,"PZA. EPIFANIO CAMPO, S/N",42.41131089999998,-6.8199343,24380,405,primaria,2412201001
407,Punto de Atención Continuada,Arévalo,,"AVDA. EMILIO ROMERO, S/N",41.05498279999999,-4.7135016,05200,406,primaria,0501602005
408,Punto de Atención Continuada,Ávila Rural,,"C/ SANTA FE, S/N (ESQUINA C/ MADRIGAL DE LAS ALTAS TORRES)",40.65065769999999,-4.6853586,05003,407,primaria,0501905004
409,Punto de Atención Continuada,Ávila,,"PASEO DE LA ESTACIÓN, 24",40.65674920000001,-4.6856894,05001,408,primaria,0501906002
410,Punto de Atención Continuada,El Barco de Ávila,,"C/ DE LAS ERAS, S/N",40.35742719999999,-5.520107500000001,05600,409,primaria,0502101002
411,Punto de Atención Continuada,Candeleda,,"C/ CHILLA, S/N",40.1538274,-5.2442125,05480,410,primaria,0504703001
412,Punto de Atención Continuada,Cebreros,,"AVDA. DE LA CONSTITUCIÓN, S/N",40.45917669999999,-4.4643505,05260,411,primaria,0505702002
413,Punto de Atención Continuada,Madrigal de las Altas Torres,,"C/ ISABEL LA CATÓLICA, 23",41.08809630000001,-4.9957425,05220,412,primaria,0511401001
414,Punto de Atención Continuada,Muñana,,"C/ CARRETERA (AV-120), S/N",40.5858882,-5.0133358999999995,05540,413,primaria,0513501001
415,Punto de Atención Continuada,Piedrahíta,,"PZA. NUEVA DE LA VILLA, 3",40.4625335,-5.3263907,05500,414,primaria,0518601001
416,Punto de Atención Continuada,Sotillo de la Adrada,,"PZA. DE LA CONCORDIA, S/N",40.293292,-4.5837384,05420,415,primaria,0524001001
417,Punto de Atención Continuada,Burgos Rural Norte-Sur,,"C/ LUIS CERNUDA, 1-11",42.353301,-3.6805780999999995,09006,416,primaria,0905905045
418,Punto de Atención Continuada,Gamonal Antigua,,"AVDA. ELADIO PERLADO, 1",42.35319849999999,-3.6673994,09007,417,primaria,0905909012
419,Punto de Atención Continuada,San Agustín,,"C/ BONIFACIO ZAMORA USABEL, S/N",42.333301199999994,-3.702059199999999,09001,418,primaria,0905906007
420,Punto de Atención Continuada,Espinosa de los Monteros,,"C/ EL PROGRESO, 22-24",43.0754895,-3.5492971000000004,09560,419,primaria,0912401001
421,Punto de Atención Continuada,Lerma,,"C/ SUBIDA DE SAN MIGUEL, 19",42.0240561,-3.7541090000000006,09340,420,primaria,0919401002
422,Punto de Atención Continuada,Melgar de Fernamental,,"C/ CRUZ DE LA RIBERA, S/N",42.40388659999999,-4.247838899999999,09100,421,primaria,0921101001
423,Punto de Atención Continuada,Salas de los Infantes,,"C/ PARQUE LARA, S/N",42.01795560000001,-3.2868145000000006,09600,422,primaria,0933001001
424,Punto de Atención Continuada,El Espinar,,"C/ CAÑADA MARI GARCÍA, 5",40.723097899999985,-4.246309399999999,40400,423,primaria,4007601001
425,Punto de Atención Continuada,El Burgo de Osma,,"C/ ACOSTA, 38",41.58954500000001,-3.0632153,42300,424,primaria,4204301001
426,Punto de Atención Continuada,Astorga,,"C/ GASPAR BECERRA, S/N",42.454240800000015,-6.0541249,24700,425,primaria,2400801001
427,Punto de Atención Continuada,Cistierna,,"C/ BATALLA DE LEPANTO, S/N",42.80516750000001,-5.1301262,24800,426,primaria,2405601001
428,Punto de Atención Continuada,Ribera del Esla,,"C/ PELOTA, S/N",42.6241582,-5.225077099999999,24160,427,primaria,2407901001
429,Punto de Atención Continuada,La Bañeza,,"C/ DOCTOR FLEMING, S/N",42.30663620000001,-5.907253700000001,24750,428,primaria,2401001004
430,Punto de Atención Continuada,La Magdalena,,"AVDA. MAGDALENA, 4",42.7819301,-5.8040582,24120,429,primaria,2416701001
431,Punto de Atención Continuada,Periurbana Sur,,"AVDA. PADRE IGNACIO ELLACURIA, 127",40.9582891,-5.684022699999999,37008,430,primaria,3727403010
432,Punto de Atención Continuada,Matallana de Torío,,"C/ ESTACIÓN, S/N",42.8433077,-5.522366799999999,24830,431,primaria,2409801001
433,Punto de Atención Continuada,Ponferrada,,"C/ VÍA PICO TUERTO, S/N",42.55239220000001,-6.5992790999999995,24400,432,primaria,2411502010
434,Punto de Atención Continuada,La Guareña,,"C/ ARRABAL DE SAN PEDRO, S/N",41.232178499999996,-5.499112399999999,49400,433,primaria,4908102001
435,Punto de Atención Continuada,La Pola de Gordón,,"AVDA. CARDENAL AGUIRRE, S/N",42.854166,-5.670598199999999,24600,434,primaria,2411401001
436,Punto de Atención Continuada,Toreno,,"C/ INSTITUTO, S/N",42.695530899999994,-6.5151689,24450,435,primaria,2416901001
437,Punto de Atención Continuada,Truchas,,"C/ PIORNAL, S/N",42.26151170000001,-6.4319199,24740,436,primaria,2417201001
438,Punto de Atención Continuada,Valencia de Don Juan,,"C/ DR. FLEMING, S/N",42.2942079,-5.5125667,24200,437,primaria,2418801001
439,Punto de Atención Continuada,Villafranca del Bierzo,,"AVDA. DIAZ OVELAR, S/N",42.610216600000015,-6.806892200000002,24500,438,primaria,2420901001
440,Punto de Atención Continuada,Carrión de los Condes,,"PZA. CONDE DE GARAY, S/N",42.336064,-4.6016726,34120,439,primaria,3404701002
441,Punto de Atención Continuada,Cervera de Pisuerga,,"C/ FELIPE CALVO, S/N",42.8624446,-4.493768199999999,34840,440,primaria,3405601001
442,Punto de Atención Continuada,Frómista,,"AVDA. EJERCITO ESPAÑOL, 28",42.2696271,-4.404130999999999,34440,441,primaria,3407401001
443,Punto de Atención Continuada,Herrera de Pisuerga,,"AVDA. MARIA AUXILIADORA, S/N",42.595999000000006,-4.3345236,34400,442,primaria,3408301001
444,Punto de Atención Continuada,Saldaña,,"C/ RONDA DON GARCÍA, S/N",42.5214556,-4.7370016,34100,443,primaria,3415701001
445,Punto de Atención Continuada,Villada,,"C/ CARLOS CASADO DEL ALISAL, S/N",42.24887769999999,-4.966132300000001,34340,444,primaria,3420601001
446,Punto de Atención Continuada,Villarramiel,,"C/ SANTA MARÍA, S/N",42.0450464,-4.913608599999999,34140,445,primaria,3423201001
447,Punto de Atención Continuada,Las Navas del Marqués,,"TRAVESÍA GRUPO ESCOLAR, 10",40.6057673,-4.3328331,05230,446,primaria,0516801002
448,Punto de Atención Continuada,Alba de Tormes,,"C/ CORRALES DE LA DEHESA, S/N",40.821544200000005,-5.513321599999999,37800,447,primaria,3700801002
449,Punto de Atención Continuada,Aldeadávila de la Ribera,,"C/ SEGUNDA DE ERAS, S/N",41.216937,-6.615468699999998,37250,448,primaria,3701401001
450,Punto de Atención Continuada,Calzada de Valdunciel,,"C/ LA LAGUNA, S/N",41.08703409999998,-5.6992965,37797,449,primaria,3707301001
451,Punto de Atención Continuada,Cantalapiedra,,"PZA. RAMÓN LAPORTA, 25",41.1251666,-5.1838863,37400,450,primaria,3708101001
452,Punto de Atención Continuada,Quincoces de Yuso,,"PZA. DE URANO, S/N",42.9897208,-3.2444004000000004,09510,451,primaria,0990801001
453,Punto de Atención Continuada,Fuentes de Oñoro,,"C/ PEDRO MATEOS, 58",40.5973262,-6.8207287,37480,452,primaria,3714001001
454,Punto de Atención Continuada,Linares de Riofrío,,"CTRA. DE GUIJUELO, S/N",40.5827053,-5.914340599999999,37760,453,primaria,3717201001
455,Punto de Atención Continuada,Matilla de los Caños del Río,,"C/ CUARTEL, S/N",40.82490869999997,-5.943602499999998,37450,454,primaria,3718701001
456,Punto de Atención Continuada,Peñaranda de Bracamonte,,"AVDA. DE LOS JARDINES, 3",40.8985333,-5.202890999999999,37300,455,primaria,3724601001
457,Punto de Atención Continuada,Quintana Martín Galindez,,"CTRA. MIRANDA, 67",42.79227269999999,-3.2672611999999996,09210,456,primaria,0941201001
458,Punto de Atención Continuada,Tamames,,"PZA. FERIAL, S/N",40.6562382,-6.1077892,37600,457,primaria,3731601001
459,Punto de Atención Continuada,Villares de la Reina,,"C/ DE LA FUENTE, 27-29",41.0088294,-5.647597599999999,37184,458,primaria,3736201001
460,Punto de Atención Continuada,Quintanar de la Sierra,,"C/ IGLESIA, S/N",41.9790395,-3.0418546,09670,459,primaria,0928901001
461,Punto de Atención Continuada,Villoria,,"C/ CAÑADA, 2",40.9918675,-5.3762476999999995,37339,460,primaria,3737401001
462,Punto de Atención Continuada,San Ildefonso (La Granja),,"C/ SAN JUAN DE NEPOMUCENO, S/N",40.902054599999985,-4.0048749,40100,461,primaria,4018101001
463,Punto de Atención Continuada,Cantalejo,,"CTRA. SEPÚLVEDA, 54",41.25826539999999,-3.9197931999999995,40320,462,primaria,4004001002
464,Punto de Atención Continuada,Cuéllar,,"C/ ESTUDIO, 3",41.39931959999999,-4.3134502,40200,463,primaria,4006302001
465,Punto de Atención Continuada,Sedano,,"C/ BURGOS, S/N (BARRIO DE LAS ERAS)",42.71284200000001,-3.748268,09142,464,primaria,0990501001
466,Punto de Atención Continuada,Nava de la Asunción,,"PZA. DEL CAÑO DEL OBISPO, 1",41.15448599999999,-4.4888249,40450,465,primaria,4013801002
467,Punto de Atención Continuada,Riaza,,"PZA. MARÍA HERNADO, 1",41.276837400000005,-3.4796646,40500,466,primaria,4017001001
468,Punto de Atención Continuada,Sacramenia,,"C/ SEPÚLVEDA, 14",41.4935749,-3.9610852999999997,40237,467,primaria,4017401001
469,Punto de Atención Continuada,Ágreda,,"C/ DEL VENERABLE, 85",41.85372520000001,-1.9257740999999997,42100,468,primaria,4200401001
470,Punto de Atención Continuada,Berlanga de Duero,,"C/ MANUEL VÁZQUEZ, S/N",41.46760110000001,-2.8635457000000004,42360,469,primaria,4203501001
471,Centro de Guardia,Aguilafuente,,"C/ HOSPITAL, 6",41.228467499999994,-4.1122894,40340,470,primaria,4000401001
472,Centro de Guardia,La Robla,,"C/ ESCRITORA JOSEFINA RODRÍGUEZ DE ALDECOA, 5 Y C/ ALCALDE JOSÉ BENJAMÍN VILLALOBOS, 4",42.812986399999986,-5.6207008,24649,471,primaria,2413401002
473,Centro de Guardia,Ayllón,,"C/ PARQUE, 5",41.418125999999994,-3.3791644,40520,472,primaria,4002401001
474,Centro de Guardia,Barruecopardo,,"C/ SANTA ANA, S/N",41.072196600000005,-6.666806000000001,37255,473,primaria,3704401001
475,Centro de Guardia,Bercial,,"PZA. ARRIBA, 4",40.90769319999999,-4.4368538,40144,474,primaria,4002801001
477,Centro de Guardia,El Barraco,,"TRAVESÍA DE LA VIRGEN, 1",40.47582130000001,-4.6405984,05110,475,primaria,0502201002
478,Centro de Guardia,Medinaceli,,"AVDA. MADRID, 41",41.16637519999999,-2.4213878999999996,42240,476,primaria,4211301001
479,Centro de Guardia,Oña,,"C/ DEL AGUA, 27",42.7339981,-3.4160037000000005,09530,477,primaria,0923801001
480,Centro de Guardia,Pradoluengo,,"PZA. CLEMENTE ZALDO, 15",42.3237078,-3.2001767999999995,09260,478,primaria,0927401001
481,Centro de Guardia,Quintanilla de Losada,,"C/ REAL, 1",42.27857869999998,-6.5606263,24717,479,primaria,2406701001
482,Centro de Guardia,Tremor de Arriba,,"C/ VEICIELLOS, 7",42.7260695,-6.2097678,24377,480,primaria,2408301001
483,Centro de Guardia,Turégano,,C/ ARENAL (JUNTO AL COLEGIO),41.15321489999999,-4.007346099999999,40370,481,primaria,4020801001
484,Centro de Guardia,Santa María la Real de Nieva,,"CALLE COSTANILLA, 3",41.0696096,-4.407357999999999,40440,482,primaria,4018501001
485,Centro de Guardia,Barruelo de Santullán,,"C/ DE LAS HUERTAS, S/N",42.9087744,-4.289161099999999,34820,483,primaria,3402701001
486,Centro de Guardia,Boceguillas,,"C/ CARDENAL CISNEROS, 2",41.3360832,-3.6376153,40560,484,primaria,4003201001
487,Centro de Guardia,Ataquines,,"C/ MEDINA, 10",41.18279299999999,-4.807083,47210,485,primaria,4701101001
488,Centro de Guardia,Villarino de los Aires,,"C/ ESPAÑA, 6",41.268524400000004,-6.4667641,37160,486,primaria,3736401001
489,Centro de Guardia,Langa de Duero,,"C/ LA FUENTE, 6",41.61047949999998,-3.4008155,42320,487,primaria,4210301001
490,Centro de Guardia,Trespaderne,,"C/ SANTANDER, 13",42.80351170000001,-3.3901908000000005,09540,488,primaria,0939401001
352,Punto de Atención Continuada,Íscar,,"C/ RONDA, 14",41.36133532220109,-4.531999802658555,47420,489,primaria,4707501001
476,Centro de Guardia,Muelas del Pan,,"C/ SAN ROQUE, 1",41.52123731643937,-5.9678758254855815,49164,490,primaria,4913501001
